team_slug,team_name,team_url,event_id,title,home_team_guess,away_team_guess,date_local,time_local,offer_url,lowest_price,highest_price,average_price,listing_count,date_collected,time_collected
miami-hurricanes-football,Miami Hurricanes Football,https://www.tickpick.com/ncaa-football/miami-hurricanes-football-tickets/,6956946,Miami Hurricanes vs. Syracuse Orange,Miami Hurricanes,Syracuse Orange,2025-11-08,15:00,https://www.tickpick.com/buy-miami-hurricanes-vs-syracuse-orange-tickets-hard-rock-stadium-11-8-25-3pm/6956946/,6.0,450.0,43.67,2850.0,2025-11-05,18:58:57
miami-hurricanes-football,Miami Hurricanes Football,https://www.tickpick.com/ncaa-football/miami-hurricanes-football-tickets/,6956922,Miami Hurricanes vs. North Carolina State Wolfpack,Miami Hurricanes,North Carolina State Wolfpack,2025-11-15,15:00,https://www.tickpick.com/buy-miami-hurricanes-vs-north-carolina-state-wolfpack-tickets-hard-rock-stadium-11-15-25-3pm/6956922/,4.0,3493.0,,,2025-11-05,18:58:57
miami-hurricanes-football,Miami Hurricanes Football,https://www.tickpick.com/ncaa-football/miami-hurricanes-football-tickets/,6957157,Virginia Tech Hokies vs. Miami Hurricanes,Virginia Tech Hokies,Miami Hurricanes,2025-11-22,03:00,https://www.tickpick.com/buy-virginia-tech-hokies-vs-miami-hurricanes-tickets-lane-stadium-11-22-25-3am/6957157/,16.0,1423.0,,,2025-11-05,18:58:57
miami-hurricanes-football,Miami Hurricanes Football,https://www.tickpick.com/ncaa-football/miami-hurricanes-football-tickets/,6957002,Pittsburgh Panthers vs. Miami Hurricanes,Pittsburgh Panthers,Miami Hurricanes,2025-11-29,03:00,https://www.tickpick.com/buy-pittsburgh-panthers-vs-miami-hurricanes-tickets-acrisure-stadium-11-29-25-3am/6957002/,24.0,2430.0,,,2025-11-05,18:58:57
miami-hurricanes-football,Miami Hurricanes Football,https://www.tickpick.com/ncaa-football/miami-hurricanes-football-tickets/,7537197,First Round - Miami Hurricanes vs. TBD - (Date: TBD - If Necessary),College Playoffs: First Round - Miami Hurricanes,TBD - (Date: TBD - If Necessary),2025-12-19,03:00,https://www.tickpick.com/buy-college-football-playoffs-first-round-miami-hurricanes-vs-tbd-(date-tbd-if-necessary)-tickets-hard-rock-stadium-12-19-25-3am/7537197/,1535.0,1539.0,,,2025-11-05,18:58:57
stanford-cardinal-football,Stanford Cardinal Football,https://www.tickpick.com/ncaa-football/stanford-cardinal-football-tickets/,6956972,North Carolina Tar Heels vs. Stanford Cardinal,North Carolina Tar Heels,Stanford Cardinal,2025-11-08,16:00,https://www.tickpick.com/buy-north-carolina-tar-heels-vs-stanford-cardinal-tickets-kenan-memorial-stadium-11-8-25-4pm/6956972/,25.0,1422.0,91.92,1694.0,2025-11-05,18:58:57
stanford-cardinal-football,Stanford Cardinal Football,https://www.tickpick.com/ncaa-football/stanford-cardinal-football-tickets/,6957147,Stanford Cardinal vs. California Golden Bears,Stanford Cardinal,California Golden Bears,2025-11-22,03:00,https://www.tickpick.com/buy-stanford-cardinal-vs-california-golden-bears-tickets-stanford-stadium-11-22-25-3am/6957147/,94.0,1779.0,,,2025-11-05,18:58:57
stanford-cardinal-football,Stanford Cardinal Football,https://www.tickpick.com/ncaa-football/stanford-cardinal-football-tickets/,6977519,Stanford Cardinal vs. Notre Dame Fighting Irish,Stanford Cardinal,Notre Dame Fighting Irish,2025-11-29,03:00,https://www.tickpick.com/buy-stanford-cardinal-vs-notre-dame-fighting-irish-tickets-stanford-stadium-11-29-25-3am/6977519/,98.0,1826.0,,,2025-11-05,18:58:57
colorado-state-rams-football,Colorado State Rams Football,https://www.tickpick.com/ncaa-football/colorado-state-rams-football-tickets/,7001693,Colorado State Rams vs. UNLV Rebels,Colorado State Rams,UNLV Rebels,2025-11-08,19:00,https://www.tickpick.com/buy-colorado-state-rams-vs-unlv-rebels-tickets-canvas-stadium-11-8-25-7pm/7001693/,20.0,356.0,45.1,1079.0,2025-11-05,18:58:57
colorado-state-rams-football,Colorado State Rams Football,https://www.tickpick.com/ncaa-football/colorado-state-rams-football-tickets/,7001918,New Mexico Lobos vs. Colorado State Rams,New Mexico Lobos,Colorado State Rams,2025-11-15,13:00,https://www.tickpick.com/buy-new-mexico-lobos-vs-colorado-state-rams-tickets-university-stadium-11-15-25-1pm/7001918/,29.0,150.0,,,2025-11-05,18:58:57
colorado-state-rams-football,Colorado State Rams Football,https://www.tickpick.com/ncaa-football/colorado-state-rams-football-tickets/,7001667,Boise State Broncos vs. Colorado State Rams,Boise State Broncos,Colorado State Rams,2025-11-22,03:00,https://www.tickpick.com/buy-boise-state-broncos-vs-colorado-state-rams-tickets-albertsons-stadium-11-22-25-3am/7001667/,33.0,855.0,,,2025-11-05,18:58:57
colorado-state-rams-football,Colorado State Rams Football,https://www.tickpick.com/ncaa-football/colorado-state-rams-football-tickets/,7001695,Colorado State Rams vs. Air Force Falcons,Colorado State Rams,Air Force Falcons,2025-11-28,03:00,https://www.tickpick.com/buy-colorado-state-rams-vs-air-force-falcons-tickets-canvas-stadium-11-28-25-3am/7001695/,24.0,526.0,,,2025-11-05,18:58:57
boston-college-eagles-football,Boston College Eagles Football,https://www.tickpick.com/ncaa-football/boston-college-eagles-football-tickets/,6956861,Boston College Eagles vs. Southern Methodist (SMU) Mustangs,Boston College Eagles,Southern Methodist (SMU) Mustangs,2025-11-08,12:00,https://www.tickpick.com/buy-boston-college-eagles-vs-southern-methodist-(smu)-mustangs-tickets-alumni-stadium-11-8-25-12pm/6956861/,2.0,1637.0,26.88,4166.0,2025-11-05,18:58:57
boston-college-eagles-football,Boston College Eagles Football,https://www.tickpick.com/ncaa-football/boston-college-eagles-football-tickets/,6956860,Boston College Eagles vs. Georgia Tech Yellow Jackets,Boston College Eagles,Georgia Tech Yellow Jackets,2025-11-15,15:00,https://www.tickpick.com/buy-boston-college-eagles-vs-georgia-tech-yellow-jackets-tickets-alumni-stadium-11-15-25-3pm/6956860/,5.0,5930.0,,,2025-11-05,18:58:57
boston-college-eagles-football,Boston College Eagles Football,https://www.tickpick.com/ncaa-football/boston-college-eagles-football-tickets/,6957150,Syracuse Orange vs. Boston College Eagles,Syracuse Orange,Boston College Eagles,2025-11-29,03:00,https://www.tickpick.com/buy-syracuse-orange-vs-boston-college-eagles-tickets-jma-wireless-dome-11-29-25-3am/6957150/,2.0,1095.0,,,2025-11-05,18:58:57
california-golden-bears-football,California Golden Bears Football,https://www.tickpick.com/ncaa-football/california-golden-bears-football-tickets/,6956915,Louisville Cardinals vs. California Golden Bears,Louisville Cardinals,California Golden Bears,2025-11-08,19:00,https://www.tickpick.com/buy-louisville-cardinals-vs-california-golden-bears-tickets-ln-federal-credit-union-stadium-11-8-25-7pm/6956915/,5.0,1471.0,72.01,3839.0,2025-11-05,18:58:57
california-golden-bears-football,California Golden Bears Football,https://www.tickpick.com/ncaa-football/california-golden-bears-football-tickets/,6957147,Stanford Cardinal vs. California Golden Bears,Stanford Cardinal,California Golden Bears,2025-11-22,03:00,https://www.tickpick.com/buy-stanford-cardinal-vs-california-golden-bears-tickets-stanford-stadium-11-22-25-3am/6957147/,94.0,1779.0,,,2025-11-05,18:58:57
california-golden-bears-football,California Golden Bears Football,https://www.tickpick.com/ncaa-football/california-golden-bears-football-tickets/,6956868,California Golden Bears vs. Southern Methodist (SMU) Mustangs,California Golden Bears,Southern Methodist (SMU) Mustangs,2025-11-29,03:00,https://www.tickpick.com/buy-california-golden-bears-vs-southern-methodist-(smu)-mustangs-tickets-memorial-stadium-ca-11-29-25-3am/6956868/,21.0,908.0,,,2025-11-05,18:58:57
clemson-tigers-football,Clemson Tigers Football,https://www.tickpick.com/ncaa-football/clemson-tigers-football-tickets/,6956884,Clemson Tigers vs. Florida State Seminoles,Clemson Tigers,Florida State Seminoles,2025-11-08,19:00,https://www.tickpick.com/buy-clemson-tigers-vs-florida-state-seminoles-tickets-frank-howard-field-at-clemson-memorial-stadium-11-8-25-7pm/6956884/,46.0,969.0,152.4,2440.0,2025-11-05,18:58:57
clemson-tigers-football,Clemson Tigers Football,https://www.tickpick.com/ncaa-football/clemson-tigers-football-tickets/,6956916,Louisville Cardinals vs. Clemson Tigers,Louisville Cardinals,Clemson Tigers,2025-11-14,19:00,https://www.tickpick.com/buy-louisville-cardinals-vs-clemson-tigers-tickets-ln-federal-credit-union-stadium-11-14-25-7pm/6956916/,66.0,1373.0,,,2025-11-05,18:58:57
clemson-tigers-football,Clemson Tigers Football,https://www.tickpick.com/ncaa-football/clemson-tigers-football-tickets/,6886449,Clemson Tigers vs. Furman Paladins,Clemson Tigers,Furman Paladins,2025-11-22,03:00,https://www.tickpick.com/buy-clemson-tigers-vs-furman-paladins-tickets-frank-howard-field-at-clemson-memorial-stadium-11-22-25-3am/6886449/,10.0,11290.0,,,2025-11-05,18:58:57
clemson-tigers-football,Clemson Tigers Football,https://www.tickpick.com/ncaa-football/clemson-tigers-football-tickets/,6868687,South Carolina Gamecocks vs. Clemson Tigers,South Carolina Gamecocks,Clemson Tigers,2025-11-29,12:00,https://www.tickpick.com/buy-south-carolina-gamecocks-vs-clemson-tigers-tickets-williams-brice-stadium-11-29-25-12pm/6868687/,94.0,6634.0,,,2025-11-05,18:58:57
clemson-tigers-football,Clemson Tigers Football,https://www.tickpick.com/ncaa-football/clemson-tigers-football-tickets/,7528255,LSU Tigers vs. Clemson Tigers,LSU Tigers,Clemson Tigers,2026-09-05,03:00,https://www.tickpick.com/buy-lsu-tigers-vs-clemson-tigers-tickets-tiger-stadium-baton-rouge-9-5-26-3am/7528255/,330.0,1565.0,,,2025-11-05,18:58:57
duke-blue-devils-football,Duke Blue Devils Football,https://www.tickpick.com/ncaa-football/duke-blue-devils-football-tickets/,6849312,UConn Huskies vs. Duke Blue Devils,UConn Huskies,Duke Blue Devils,2025-11-08,15:00,https://www.tickpick.com/buy-uconn-huskies-vs-duke-blue-devils-tickets-pratt-and-whitney-stadium-at-rentschler-field-11-8-25-3pm/6849312/,15.0,348.0,56.06,567.0,2025-11-05,18:58:57
duke-blue-devils-football,Duke Blue Devils Football,https://www.tickpick.com/ncaa-football/duke-blue-devils-football-tickets/,6956890,Duke Blue Devils vs. Virginia Cavaliers,Duke Blue Devils,Virginia Cavaliers,2025-11-15,15:00,https://www.tickpick.com/buy-duke-blue-devils-vs-virginia-cavaliers-tickets-brooks-field-at-wallace-wade-stadium-11-15-25-3pm/6956890/,22.0,314.0,,,2025-11-05,18:58:57
duke-blue-devils-football,Duke Blue Devils Football,https://www.tickpick.com/ncaa-football/duke-blue-devils-football-tickets/,6956971,North Carolina Tar Heels vs. Duke Blue Devils,North Carolina Tar Heels,Duke Blue Devils,2025-11-22,03:00,https://www.tickpick.com/buy-north-carolina-tar-heels-vs-duke-blue-devils-tickets-kenan-memorial-stadium-11-22-25-3am/6956971/,55.0,1639.0,,,2025-11-05,18:58:57
duke-blue-devils-football,Duke Blue Devils Football,https://www.tickpick.com/ncaa-football/duke-blue-devils-football-tickets/,6956891,Duke Blue Devils vs. Wake Forest Demon Deacons,Duke Blue Devils,Wake Forest Demon Deacons,2025-11-29,03:00,https://www.tickpick.com/buy-duke-blue-devils-vs-wake-forest-demon-deacons-tickets-brooks-field-at-wallace-wade-stadium-11-29-25-3am/6956891/,14.0,324.0,,,2025-11-05,18:58:57
florida-state-seminoles-football,Florida State Seminoles Football,https://www.tickpick.com/ncaa-football/florida-state-seminoles-football-tickets/,6956884,Clemson Tigers vs. Florida State Seminoles,Clemson Tigers,Florida State Seminoles,2025-11-08,19:00,https://www.tickpick.com/buy-clemson-tigers-vs-florida-state-seminoles-tickets-frank-howard-field-at-clemson-memorial-stadium-11-8-25-7pm/6956884/,46.0,969.0,152.45,2443.0,2025-11-05,18:58:57
florida-state-seminoles-football,Florida State Seminoles Football,https://www.tickpick.com/ncaa-football/florida-state-seminoles-football-tickets/,6956909,Florida State Seminoles vs. Virginia Tech Hokies,Florida State Seminoles,Virginia Tech Hokies,2025-11-15,19:00,https://www.tickpick.com/buy-florida-state-seminoles-vs-virginia-tech-hokies-tickets-doak-campbell-stadium-11-15-25-7pm/6956909/,38.0,5313.0,,,2025-11-05,18:58:57
florida-state-seminoles-football,Florida State Seminoles Football,https://www.tickpick.com/ncaa-football/florida-state-seminoles-football-tickets/,6956966,North Carolina State Wolfpack vs. Florida State Seminoles,North Carolina State Wolfpack,Florida State Seminoles,2025-11-21,20:00,https://www.tickpick.com/buy-north-carolina-state-wolfpack-vs-florida-state-seminoles-tickets-carter-finley-stadium-11-21-25-8pm/6956966/,102.0,1026.0,,,2025-11-05,18:58:57
florida-state-seminoles-football,Florida State Seminoles Football,https://www.tickpick.com/ncaa-football/florida-state-seminoles-football-tickets/,6878493,Florida Gators vs. Florida State Seminoles,Florida Gators,Florida State Seminoles,2025-11-29,03:00,https://www.tickpick.com/buy-florida-gators-vs-florida-state-seminoles-tickets-ben-hill-griffin-stadium-11-29-25-3am/6878493/,144.0,18291.0,,,2025-11-05,18:58:57
florida-state-seminoles-football,Florida State Seminoles Football,https://www.tickpick.com/ncaa-football/florida-state-seminoles-football-tickets/,7528209,Alabama Crimson Tide vs. Florida State Seminoles,Alabama Crimson Tide,Florida State Seminoles,2026-09-19,03:00,https://www.tickpick.com/buy-alabama-crimson-tide-vs-florida-state-seminoles-tickets-bryant-denny-stadium-9-19-26-3am/7528209/,1099.0,1099.0,,,2025-11-05,18:58:57
florida-state-seminoles-football,Florida State Seminoles Football,https://www.tickpick.com/ncaa-football/florida-state-seminoles-football-tickets/,7528938,Florida State Seminoles vs. Central Arkansas Bears,Florida State Seminoles,Central Arkansas Bears,2026-09-26,03:00,https://www.tickpick.com/buy-florida-state-seminoles-vs-central-arkansas-bears-tickets-doak-campbell-stadium-9-26-26-3am/7528938/,103.0,103.0,,,2025-11-05,18:58:57
florida-state-seminoles-football,Florida State Seminoles Football,https://www.tickpick.com/ncaa-football/florida-state-seminoles-football-tickets/,7528939,Florida State Seminoles vs. Florida Gators,Florida State Seminoles,Florida Gators,2026-11-28,03:00,https://www.tickpick.com/buy-florida-state-seminoles-vs-florida-gators-tickets-doak-campbell-stadium-11-28-26-3am/7528939/,770.0,770.0,,,2025-11-05,18:58:57
georgia-tech-yellow-jackets-football,Georgia Tech Yellow Jackets Football,https://www.tickpick.com/ncaa-football/georgia-tech-yellow-jackets-football-tickets/,6956860,Boston College Eagles vs. Georgia Tech Yellow Jackets,Boston College Eagles,Georgia Tech Yellow Jackets,2025-11-15,15:00,https://www.tickpick.com/buy-boston-college-eagles-vs-georgia-tech-yellow-jackets-tickets-alumni-stadium-11-15-25-3pm/6956860/,5.0,5930.0,77.81,4444.0,2025-11-05,18:58:57
georgia-tech-yellow-jackets-football,Georgia Tech Yellow Jackets Football,https://www.tickpick.com/ncaa-football/georgia-tech-yellow-jackets-football-tickets/,6956911,Georgia Tech Yellow Jackets vs. Pittsburgh Panthers,Georgia Tech Yellow Jackets,Pittsburgh Panthers,2025-11-22,03:00,https://www.tickpick.com/buy-georgia-tech-yellow-jackets-vs-pittsburgh-panthers-tickets-bobby-dodd-stadium-11-22-25-3am/6956911/,49.0,1100.0,,,2025-11-05,18:58:57
georgia-tech-yellow-jackets-football,Georgia Tech Yellow Jackets Football,https://www.tickpick.com/ncaa-football/georgia-tech-yellow-jackets-football-tickets/,6861599,Georgia Bulldogs vs. Georgia Tech Yellow Jackets,Atlanta Gridiron Classic: Georgia Bulldogs,Georgia Tech Yellow Jackets,2025-11-28,15:00,https://www.tickpick.com/buy-atlanta-gridiron-classic-georgia-bulldogs-vs-georgia-tech-yellow-jackets-tickets-mercedes-benz-stadium-11-28-25-3pm/6861599/,176.0,2482.0,,,2025-11-05,18:58:57
georgia-tech-yellow-jackets-football,Georgia Tech Yellow Jackets Football,https://www.tickpick.com/ncaa-football/georgia-tech-yellow-jackets-football-tickets/,6863588,Georgia Tech Yellow Jackets vs. Georgia Bulldogs,Georgia Tech Yellow Jackets,Georgia Bulldogs,2025-11-29,03:00,https://www.tickpick.com/buy-georgia-tech-yellow-jackets-vs-georgia-bulldogs-tickets-bobby-dodd-stadium-11-29-25-3am/6863588/,,,,,2025-11-05,18:58:57
georgia-tech-yellow-jackets-football,Georgia Tech Yellow Jackets Football,https://www.tickpick.com/ncaa-football/georgia-tech-yellow-jackets-football-tickets/,7528639,Georgia Tech Yellow Jackets vs. Colorado Buffaloes,Georgia Tech Yellow Jackets,Colorado Buffaloes,2026-09-05,03:00,https://www.tickpick.com/buy-georgia-tech-yellow-jackets-vs-colorado-buffaloes-tickets-bobby-dodd-stadium-9-5-26-3am/7528639/,330.0,549.0,,,2025-11-05,18:58:57
georgia-tech-yellow-jackets-football,Georgia Tech Yellow Jackets Football,https://www.tickpick.com/ncaa-football/georgia-tech-yellow-jackets-football-tickets/,7528640,Georgia Tech Yellow Jackets vs. Tennessee Volunteers,Georgia Tech Yellow Jackets,Tennessee Volunteers,2026-09-12,03:00,https://www.tickpick.com/buy-georgia-tech-yellow-jackets-vs-tennessee-volunteers-tickets-bobby-dodd-stadium-9-12-26-3am/7528640/,549.0,768.0,,,2025-11-05,18:58:57
georgia-tech-yellow-jackets-football,Georgia Tech Yellow Jackets Football,https://www.tickpick.com/ncaa-football/georgia-tech-yellow-jackets-football-tickets/,7528641,Georgia Tech Yellow Jackets vs. Mercer Bears,Georgia Tech Yellow Jackets,Mercer Bears,2026-09-26,03:00,https://www.tickpick.com/buy-georgia-tech-yellow-jackets-vs-mercer-bears-tickets-bobby-dodd-stadium-9-26-26-3am/7528641/,330.0,549.0,,,2025-11-05,18:58:57
louisville-cardinals-football,Louisville Cardinals Football,https://www.tickpick.com/ncaa-football/louisville-cardinals-football-tickets/,6956915,Louisville Cardinals vs. California Golden Bears,Louisville Cardinals,California Golden Bears,2025-11-08,19:00,https://www.tickpick.com/buy-louisville-cardinals-vs-california-golden-bears-tickets-ln-federal-credit-union-stadium-11-8-25-7pm/6956915/,5.0,1471.0,72.36,3847.0,2025-11-05,18:58:57
louisville-cardinals-football,Louisville Cardinals Football,https://www.tickpick.com/ncaa-football/louisville-cardinals-football-tickets/,6956916,Louisville Cardinals vs. Clemson Tigers,Louisville Cardinals,Clemson Tigers,2025-11-14,19:00,https://www.tickpick.com/buy-louisville-cardinals-vs-clemson-tigers-tickets-ln-federal-credit-union-stadium-11-14-25-7pm/6956916/,66.0,1373.0,,,2025-11-05,18:58:57
louisville-cardinals-football,Louisville Cardinals Football,https://www.tickpick.com/ncaa-football/louisville-cardinals-football-tickets/,6957011,Southern Methodist (SMU) Mustangs vs. Louisville Cardinals,Southern Methodist (SMU) Mustangs,Louisville Cardinals,2025-11-22,03:00,https://www.tickpick.com/buy-southern-methodist-(smu)-mustangs-vs-louisville-cardinals-tickets-gerald-j-ford-stadium-11-22-25-3am/6957011/,20.0,1463.0,,,2025-11-05,18:58:57
louisville-cardinals-football,Louisville Cardinals Football,https://www.tickpick.com/ncaa-football/louisville-cardinals-football-tickets/,6886523,Louisville Cardinals vs. Kentucky Wildcats,Louisville Cardinals,Kentucky Wildcats,2025-11-29,03:00,https://www.tickpick.com/buy-louisville-cardinals-vs-kentucky-wildcats-tickets-ln-federal-credit-union-stadium-11-29-25-3am/6886523/,89.0,1906.0,,,2025-11-05,18:58:57
louisville-cardinals-football,Louisville Cardinals Football,https://www.tickpick.com/ncaa-football/louisville-cardinals-football-tickets/,7528638,Louisville Cardinals vs. Georgia Bulldogs,Louisville Cardinals,Georgia Bulldogs,2026-09-19,03:00,https://www.tickpick.com/buy-louisville-cardinals-vs-georgia-bulldogs-tickets-ln-federal-credit-union-stadium-9-19-26-3am/7528638/,439.0,822.0,,,2025-11-05,18:58:57
miami-hurricanes-football,Miami Hurricanes Football,https://www.tickpick.com/ncaa-football/miami-hurricanes-football-tickets/,6956946,Miami Hurricanes vs. Syracuse Orange,Miami Hurricanes,Syracuse Orange,2025-11-08,15:00,https://www.tickpick.com/buy-miami-hurricanes-vs-syracuse-orange-tickets-hard-rock-stadium-11-8-25-3pm/6956946/,6.0,450.0,43.67,2850.0,2025-11-05,18:58:57
miami-hurricanes-football,Miami Hurricanes Football,https://www.tickpick.com/ncaa-football/miami-hurricanes-football-tickets/,6956922,Miami Hurricanes vs. North Carolina State Wolfpack,Miami Hurricanes,North Carolina State Wolfpack,2025-11-15,15:00,https://www.tickpick.com/buy-miami-hurricanes-vs-north-carolina-state-wolfpack-tickets-hard-rock-stadium-11-15-25-3pm/6956922/,4.0,3493.0,,,2025-11-05,18:58:57
miami-hurricanes-football,Miami Hurricanes Football,https://www.tickpick.com/ncaa-football/miami-hurricanes-football-tickets/,6957157,Virginia Tech Hokies vs. Miami Hurricanes,Virginia Tech Hokies,Miami Hurricanes,2025-11-22,03:00,https://www.tickpick.com/buy-virginia-tech-hokies-vs-miami-hurricanes-tickets-lane-stadium-11-22-25-3am/6957157/,16.0,1423.0,,,2025-11-05,18:58:57
miami-hurricanes-football,Miami Hurricanes Football,https://www.tickpick.com/ncaa-football/miami-hurricanes-football-tickets/,6957002,Pittsburgh Panthers vs. Miami Hurricanes,Pittsburgh Panthers,Miami Hurricanes,2025-11-29,03:00,https://www.tickpick.com/buy-pittsburgh-panthers-vs-miami-hurricanes-tickets-acrisure-stadium-11-29-25-3am/6957002/,24.0,2430.0,,,2025-11-05,18:58:57
miami-hurricanes-football,Miami Hurricanes Football,https://www.tickpick.com/ncaa-football/miami-hurricanes-football-tickets/,7537197,First Round - Miami Hurricanes vs. TBD - (Date: TBD - If Necessary),College Playoffs: First Round - Miami Hurricanes,TBD - (Date: TBD - If Necessary),2025-12-19,03:00,https://www.tickpick.com/buy-college-football-playoffs-first-round-miami-hurricanes-vs-tbd-(date-tbd-if-necessary)-tickets-hard-rock-stadium-12-19-25-3am/7537197/,1535.0,1539.0,,,2025-11-05,18:58:57
north-carolina-state-wolfpack-football,North Carolina State Wolfpack Football,https://www.tickpick.com/ncaa-football/north-carolina-state-wolfpack-football-tickets/,6956922,Miami Hurricanes vs. North Carolina State Wolfpack,Miami Hurricanes,North Carolina State Wolfpack,2025-11-15,15:00,https://www.tickpick.com/buy-miami-hurricanes-vs-north-carolina-state-wolfpack-tickets-hard-rock-stadium-11-15-25-3pm/6956922/,4.0,3493.0,79.91,6515.0,2025-11-05,18:58:57
north-carolina-state-wolfpack-football,North Carolina State Wolfpack Football,https://www.tickpick.com/ncaa-football/north-carolina-state-wolfpack-football-tickets/,6956966,North Carolina State Wolfpack vs. Florida State Seminoles,North Carolina State Wolfpack,Florida State Seminoles,2025-11-21,20:00,https://www.tickpick.com/buy-north-carolina-state-wolfpack-vs-florida-state-seminoles-tickets-carter-finley-stadium-11-21-25-8pm/6956966/,102.0,1026.0,,,2025-11-05,18:58:57
north-carolina-state-wolfpack-football,North Carolina State Wolfpack Football,https://www.tickpick.com/ncaa-football/north-carolina-state-wolfpack-football-tickets/,6956968,North Carolina State Wolfpack vs. North Carolina Tar Heels,North Carolina State Wolfpack,North Carolina Tar Heels,2025-11-29,03:00,https://www.tickpick.com/buy-north-carolina-state-wolfpack-vs-north-carolina-tar-heels-tickets-carter-finley-stadium-11-29-25-3am/6956968/,129.0,1632.0,,,2025-11-05,18:58:57
north-carolina-tar-heels-football,North Carolina Tar Heels Football,https://www.tickpick.com/ncaa-football/north-carolina-tar-heels-football-tickets/,6956972,North Carolina Tar Heels vs. Stanford Cardinal,North Carolina Tar Heels,Stanford Cardinal,2025-11-08,16:00,https://www.tickpick.com/buy-north-carolina-tar-heels-vs-stanford-cardinal-tickets-kenan-memorial-stadium-11-8-25-4pm/6956972/,25.0,1422.0,91.3,1699.0,2025-11-05,18:58:57
north-carolina-tar-heels-football,North Carolina Tar Heels Football,https://www.tickpick.com/ncaa-football/north-carolina-tar-heels-football-tickets/,6957167,Wake Forest Demon Deacons vs. North Carolina Tar Heels,Wake Forest Demon Deacons,North Carolina Tar Heels,2025-11-15,16:00,https://www.tickpick.com/buy-wake-forest-demon-deacons-vs-north-carolina-tar-heels-tickets-allegacy-federal-credit-union-stadium-11-15-25-4pm/6957167/,33.0,4352.0,,,2025-11-05,18:58:57
north-carolina-tar-heels-football,North Carolina Tar Heels Football,https://www.tickpick.com/ncaa-football/north-carolina-tar-heels-football-tickets/,6956971,North Carolina Tar Heels vs. Duke Blue Devils,North Carolina Tar Heels,Duke Blue Devils,2025-11-22,03:00,https://www.tickpick.com/buy-north-carolina-tar-heels-vs-duke-blue-devils-tickets-kenan-memorial-stadium-11-22-25-3am/6956971/,55.0,1639.0,,,2025-11-05,18:58:57
north-carolina-tar-heels-football,North Carolina Tar Heels Football,https://www.tickpick.com/ncaa-football/north-carolina-tar-heels-football-tickets/,6956968,North Carolina State Wolfpack vs. North Carolina Tar Heels,North Carolina State Wolfpack,North Carolina Tar Heels,2025-11-29,03:00,https://www.tickpick.com/buy-north-carolina-state-wolfpack-vs-north-carolina-tar-heels-tickets-carter-finley-stadium-11-29-25-3am/6956968/,129.0,1632.0,,,2025-11-05,18:58:57
north-carolina-tar-heels-football,North Carolina Tar Heels Football,https://www.tickpick.com/ncaa-football/north-carolina-tar-heels-football-tickets/,7528612,North Carolina Tar Heels vs. Notre Dame Fighting Irish,North Carolina Tar Heels,Notre Dame Fighting Irish,2026-10-03,03:00,https://www.tickpick.com/buy-north-carolina-tar-heels-vs-notre-dame-fighting-irish-tickets-kenan-memorial-stadium-10-3-26-3am/7528612/,274.0,770.0,,,2025-11-05,18:58:57
pittsburgh-panthers-football,Pittsburgh Panthers Football,https://www.tickpick.com/ncaa-football/pittsburgh-panthers-football-tickets/,6957000,Pittsburgh Panthers vs. Notre Dame Fighting Irish,Pittsburgh Panthers,Notre Dame Fighting Irish,2025-11-15,12:00,https://www.tickpick.com/buy-pittsburgh-panthers-vs-notre-dame-fighting-irish-tickets-acrisure-stadium-11-15-25-12pm/6957000/,97.0,4392.0,292.66,2989.0,2025-11-05,18:58:57
pittsburgh-panthers-football,Pittsburgh Panthers Football,https://www.tickpick.com/ncaa-football/pittsburgh-panthers-football-tickets/,6956911,Georgia Tech Yellow Jackets vs. Pittsburgh Panthers,Georgia Tech Yellow Jackets,Pittsburgh Panthers,2025-11-22,03:00,https://www.tickpick.com/buy-georgia-tech-yellow-jackets-vs-pittsburgh-panthers-tickets-bobby-dodd-stadium-11-22-25-3am/6956911/,49.0,1100.0,,,2025-11-05,18:58:57
pittsburgh-panthers-football,Pittsburgh Panthers Football,https://www.tickpick.com/ncaa-football/pittsburgh-panthers-football-tickets/,6957002,Pittsburgh Panthers vs. Miami Hurricanes,Pittsburgh Panthers,Miami Hurricanes,2025-11-29,03:00,https://www.tickpick.com/buy-pittsburgh-panthers-vs-miami-hurricanes-tickets-acrisure-stadium-11-29-25-3am/6957002/,24.0,2430.0,,,2025-11-05,18:58:57
pittsburgh-panthers-football,Pittsburgh Panthers Football,https://www.tickpick.com/ncaa-football/pittsburgh-panthers-football-tickets/,7528896,Wisconsin Badgers vs. Pittsburgh Panthers,Wisconsin Badgers,Pittsburgh Panthers,2026-09-19,03:00,https://www.tickpick.com/buy-wisconsin-badgers-vs-pittsburgh-panthers-tickets-camp-randall-stadium-9-19-26-3am/7528896/,124.0,548.0,,,2025-11-05,18:58:57
smu-mustangs-football,Smu Mustangs Football,https://www.tickpick.com/ncaa-football/smu-mustangs-football-tickets/,6956861,Boston College Eagles vs. Southern Methodist (SMU) Mustangs,Boston College Eagles,Southern Methodist (SMU) Mustangs,2025-11-08,12:00,https://www.tickpick.com/buy-boston-college-eagles-vs-southern-methodist-(smu)-mustangs-tickets-alumni-stadium-11-8-25-12pm/6956861/,2.0,1637.0,26.85,4171.0,2025-11-05,18:58:57
smu-mustangs-football,Smu Mustangs Football,https://www.tickpick.com/ncaa-football/smu-mustangs-football-tickets/,6957011,Southern Methodist (SMU) Mustangs vs. Louisville Cardinals,Southern Methodist (SMU) Mustangs,Louisville Cardinals,2025-11-22,03:00,https://www.tickpick.com/buy-southern-methodist-(smu)-mustangs-vs-louisville-cardinals-tickets-gerald-j-ford-stadium-11-22-25-3am/6957011/,20.0,1463.0,,,2025-11-05,18:58:57
smu-mustangs-football,Smu Mustangs Football,https://www.tickpick.com/ncaa-football/smu-mustangs-football-tickets/,6956868,California Golden Bears vs. Southern Methodist (SMU) Mustangs,California Golden Bears,Southern Methodist (SMU) Mustangs,2025-11-29,03:00,https://www.tickpick.com/buy-california-golden-bears-vs-southern-methodist-(smu)-mustangs-tickets-memorial-stadium-ca-11-29-25-3am/6956868/,21.0,908.0,,,2025-11-05,18:58:57
stanford-cardinal-football,Stanford Cardinal Football,https://www.tickpick.com/ncaa-football/stanford-cardinal-football-tickets/,6956972,North Carolina Tar Heels vs. Stanford Cardinal,North Carolina Tar Heels,Stanford Cardinal,2025-11-08,16:00,https://www.tickpick.com/buy-north-carolina-tar-heels-vs-stanford-cardinal-tickets-kenan-memorial-stadium-11-8-25-4pm/6956972/,25.0,1422.0,91.92,1694.0,2025-11-05,18:58:57
stanford-cardinal-football,Stanford Cardinal Football,https://www.tickpick.com/ncaa-football/stanford-cardinal-football-tickets/,6957147,Stanford Cardinal vs. California Golden Bears,Stanford Cardinal,California Golden Bears,2025-11-22,03:00,https://www.tickpick.com/buy-stanford-cardinal-vs-california-golden-bears-tickets-stanford-stadium-11-22-25-3am/6957147/,94.0,1779.0,,,2025-11-05,18:58:57
stanford-cardinal-football,Stanford Cardinal Football,https://www.tickpick.com/ncaa-football/stanford-cardinal-football-tickets/,6977519,Stanford Cardinal vs. Notre Dame Fighting Irish,Stanford Cardinal,Notre Dame Fighting Irish,2025-11-29,03:00,https://www.tickpick.com/buy-stanford-cardinal-vs-notre-dame-fighting-irish-tickets-stanford-stadium-11-29-25-3am/6977519/,98.0,1826.0,,,2025-11-05,18:58:57
syracuse-orange-football,Syracuse Orange Football,https://www.tickpick.com/ncaa-football/syracuse-orange-football-tickets/,6956946,Miami Hurricanes vs. Syracuse Orange,Miami Hurricanes,Syracuse Orange,2025-11-08,15:00,https://www.tickpick.com/buy-miami-hurricanes-vs-syracuse-orange-tickets-hard-rock-stadium-11-8-25-3pm/6956946/,6.0,450.0,43.77,2855.0,2025-11-05,18:58:57
syracuse-orange-football,Syracuse Orange Football,https://www.tickpick.com/ncaa-football/syracuse-orange-football-tickets/,6958435,Notre Dame Fighting Irish vs. Syracuse Orange,Notre Dame Fighting Irish,Syracuse Orange,2025-11-22,15:00,https://www.tickpick.com/buy-notre-dame-fighting-irish-vs-syracuse-orange-tickets-notre-dame-stadium-11-22-25-3pm/6958435/,66.0,832.0,,,2025-11-05,18:58:57
syracuse-orange-football,Syracuse Orange Football,https://www.tickpick.com/ncaa-football/syracuse-orange-football-tickets/,6957150,Syracuse Orange vs. Boston College Eagles,Syracuse Orange,Boston College Eagles,2025-11-29,03:00,https://www.tickpick.com/buy-syracuse-orange-vs-boston-college-eagles-tickets-jma-wireless-dome-11-29-25-3am/6957150/,2.0,1095.0,,,2025-11-05,18:58:57
syracuse-orange-football,Syracuse Orange Football,https://www.tickpick.com/ncaa-football/syracuse-orange-football-tickets/,7528951,Syracuse Orange vs. New Hampshire Wildcats,Syracuse Orange,New Hampshire Wildcats,2026-09-05,03:00,https://www.tickpick.com/buy-syracuse-orange-vs-new-hampshire-wildcats-tickets-jma-wireless-dome-9-5-26-3am/7528951/,69.0,84.0,,,2025-11-05,18:58:57
syracuse-orange-football,Syracuse Orange Football,https://www.tickpick.com/ncaa-football/syracuse-orange-football-tickets/,7528952,Syracuse Orange vs. Toledo Rockets,Syracuse Orange,Toledo Rockets,2026-09-19,03:00,https://www.tickpick.com/buy-syracuse-orange-vs-toledo-rockets-tickets-jma-wireless-dome-9-19-26-3am/7528952/,74.0,95.0,,,2025-11-05,18:58:57
virginia-cavaliers-football,Virginia Cavaliers Football,https://www.tickpick.com/ncaa-football/virginia-cavaliers-football-tickets/,6957154,Virginia Cavaliers vs. Wake Forest Demon Deacons,Virginia Cavaliers,Wake Forest Demon Deacons,2025-11-08,19:00,https://www.tickpick.com/buy-virginia-cavaliers-vs-wake-forest-demon-deacons-tickets-scott-stadium-11-8-25-7pm/6957154/,46.0,6120.0,124.31,1939.0,2025-11-05,18:58:57
virginia-cavaliers-football,Virginia Cavaliers Football,https://www.tickpick.com/ncaa-football/virginia-cavaliers-football-tickets/,6956890,Duke Blue Devils vs. Virginia Cavaliers,Duke Blue Devils,Virginia Cavaliers,2025-11-15,15:00,https://www.tickpick.com/buy-duke-blue-devils-vs-virginia-cavaliers-tickets-brooks-field-at-wallace-wade-stadium-11-15-25-3pm/6956890/,22.0,314.0,,,2025-11-05,18:58:57
virginia-cavaliers-football,Virginia Cavaliers Football,https://www.tickpick.com/ncaa-football/virginia-cavaliers-football-tickets/,6886588,Virginia Cavaliers vs. Virginia Tech Hokies,Virginia Cavaliers,Virginia Tech Hokies,2025-11-29,03:00,https://www.tickpick.com/buy-virginia-cavaliers-vs-virginia-tech-hokies-tickets-scott-stadium-11-29-25-3am/6886588/,136.0,3400.0,,,2025-11-05,18:58:57
virginia-cavaliers-football,Virginia Cavaliers Football,https://www.tickpick.com/ncaa-football/virginia-cavaliers-football-tickets/,7537192,First Round - Virginia Cavaliers vs. TBD - (Date: TBD - If Necessary),College Playoffs: First Round - Virginia Cavaliers,TBD - (Date: TBD - If Necessary),2025-12-19,03:00,https://www.tickpick.com/buy-college-football-playoffs-first-round-virginia-cavaliers-vs-tbd-(date-tbd-if-necessary)-tickets-scott-stadium-12-19-25-3am/7537192/,,,,,2025-11-05,18:58:57
virginia-cavaliers-football,Virginia Cavaliers Football,https://www.tickpick.com/ncaa-football/virginia-cavaliers-football-tickets/,7415468,West Virginia Mountaineers vs. Virginia Cavaliers,West Virginia Mountaineers,Virginia Cavaliers,2026-09-19,03:00,https://www.tickpick.com/buy-west-virginia-mountaineers-vs-virginia-cavaliers-tickets-bank-of-america-stadium-9-19-26-3am/7415468/,176.0,575.0,,,2025-11-05,18:58:57
virginia-tech-hokies-football,Virginia Tech Hokies Football,https://www.tickpick.com/ncaa-football/virginia-tech-hokies-football-tickets/,6956909,Florida State Seminoles vs. Virginia Tech Hokies,Florida State Seminoles,Virginia Tech Hokies,2025-11-15,19:00,https://www.tickpick.com/buy-florida-state-seminoles-vs-virginia-tech-hokies-tickets-doak-campbell-stadium-11-15-25-7pm/6956909/,38.0,5313.0,160.29,1580.0,2025-11-05,18:58:57
virginia-tech-hokies-football,Virginia Tech Hokies Football,https://www.tickpick.com/ncaa-football/virginia-tech-hokies-football-tickets/,6957157,Virginia Tech Hokies vs. Miami Hurricanes,Virginia Tech Hokies,Miami Hurricanes,2025-11-22,03:00,https://www.tickpick.com/buy-virginia-tech-hokies-vs-miami-hurricanes-tickets-lane-stadium-11-22-25-3am/6957157/,16.0,1423.0,,,2025-11-05,18:58:57
virginia-tech-hokies-football,Virginia Tech Hokies Football,https://www.tickpick.com/ncaa-football/virginia-tech-hokies-football-tickets/,6886588,Virginia Cavaliers vs. Virginia Tech Hokies,Virginia Cavaliers,Virginia Tech Hokies,2025-11-29,03:00,https://www.tickpick.com/buy-virginia-cavaliers-vs-virginia-tech-hokies-tickets-scott-stadium-11-29-25-3am/6886588/,136.0,3400.0,,,2025-11-05,18:58:57
virginia-tech-hokies-football,Virginia Tech Hokies Football,https://www.tickpick.com/ncaa-football/virginia-tech-hokies-football-tickets/,7528868,Maryland Terrapins vs. Virginia Tech Hokies,Maryland Terrapins,Virginia Tech Hokies,2026-09-19,03:00,https://www.tickpick.com/buy-maryland-terrapins-vs-virginia-tech-hokies-tickets-secu-stadium-9-19-26-3am/7528868/,,,,,2025-11-05,18:58:57
wake-forest-demon-deacons-football,Wake Forest Demon Deacons Football,https://www.tickpick.com/ncaa-football/wake-forest-demon-deacons-football-tickets/,6957154,Virginia Cavaliers vs. Wake Forest Demon Deacons,Virginia Cavaliers,Wake Forest Demon Deacons,2025-11-08,19:00,https://www.tickpick.com/buy-virginia-cavaliers-vs-wake-forest-demon-deacons-tickets-scott-stadium-11-8-25-7pm/6957154/,46.0,6120.0,120.95,1921.0,2025-11-05,18:58:57
wake-forest-demon-deacons-football,Wake Forest Demon Deacons Football,https://www.tickpick.com/ncaa-football/wake-forest-demon-deacons-football-tickets/,6957167,Wake Forest Demon Deacons vs. North Carolina Tar Heels,Wake Forest Demon Deacons,North Carolina Tar Heels,2025-11-15,16:00,https://www.tickpick.com/buy-wake-forest-demon-deacons-vs-north-carolina-tar-heels-tickets-allegacy-federal-credit-union-stadium-11-15-25-4pm/6957167/,33.0,4352.0,,,2025-11-05,18:58:57
wake-forest-demon-deacons-football,Wake Forest Demon Deacons Football,https://www.tickpick.com/ncaa-football/wake-forest-demon-deacons-football-tickets/,6886603,Wake Forest Demon Deacons vs. Delaware Blue Hens,Wake Forest Demon Deacons,Delaware Blue Hens,2025-11-22,03:00,https://www.tickpick.com/buy-wake-forest-demon-deacons-vs-delaware-blue-hens-tickets-allegacy-federal-credit-union-stadium-11-22-25-3am/6886603/,6.0,313.0,,,2025-11-05,18:58:57
wake-forest-demon-deacons-football,Wake Forest Demon Deacons Football,https://www.tickpick.com/ncaa-football/wake-forest-demon-deacons-football-tickets/,6956891,Duke Blue Devils vs. Wake Forest Demon Deacons,Duke Blue Devils,Wake Forest Demon Deacons,2025-11-29,03:00,https://www.tickpick.com/buy-duke-blue-devils-vs-wake-forest-demon-deacons-tickets-brooks-field-at-wallace-wade-stadium-11-29-25-3am/6956891/,14.0,324.0,,,2025-11-05,18:58:57
illinois-fighting-illini-football,Illinois Fighting Illini Football,https://www.tickpick.com/ncaa-football/illinois-fighting-illini-football-tickets/,6879355,Illinois Fighting Illini vs. Maryland Terrapins,Illinois Fighting Illini,Maryland Terrapins,2025-11-15,03:00,https://www.tickpick.com/buy-illinois-fighting-illini-vs-maryland-terrapins-tickets-gies-memorial-stadium-11-15-25-3am/6879355/,6.0,592.0,48.97,2539.0,2025-11-05,18:58:57
illinois-fighting-illini-football,Illinois Fighting Illini Football,https://www.tickpick.com/ncaa-football/illinois-fighting-illini-football-tickets/,6877384,Wisconsin Badgers vs. Illinois Fighting Illini,Wisconsin Badgers,Illinois Fighting Illini,2025-11-22,03:00,https://www.tickpick.com/buy-wisconsin-badgers-vs-illinois-fighting-illini-tickets-camp-randall-stadium-11-22-25-3am/6877384/,8.0,11637.0,,,2025-11-05,18:58:57
illinois-fighting-illini-football,Illinois Fighting Illini Football,https://www.tickpick.com/ncaa-football/illinois-fighting-illini-football-tickets/,6879357,Illinois Fighting Illini vs. Northwestern Wildcats,Illinois Fighting Illini,Northwestern Wildcats,2025-11-29,03:00,https://www.tickpick.com/buy-illinois-fighting-illini-vs-northwestern-wildcats-tickets-gies-memorial-stadium-11-29-25-3am/6879357/,5.0,984.0,,,2025-11-05,18:58:57
indiana-hoosiers-football,Indiana Hoosiers Football,https://www.tickpick.com/ncaa-football/indiana-hoosiers-football-tickets/,6877536,Penn State Nittany Lions vs. Indiana Hoosiers,Penn State Nittany Lions,Indiana Hoosiers,2025-11-08,12:00,https://www.tickpick.com/buy-penn-state-nittany-lions-vs-indiana-hoosiers-tickets-west-shore-home-field-at-beaver-stadium-11-8-25-12pm/6877536/,20.0,1247.0,93.31,4584.0,2025-11-05,18:58:57
indiana-hoosiers-football,Indiana Hoosiers Football,https://www.tickpick.com/ncaa-football/indiana-hoosiers-football-tickets/,6879155,Indiana Hoosiers vs. Wisconsin Badgers,Indiana Hoosiers,Wisconsin Badgers,2025-11-15,03:00,https://www.tickpick.com/buy-indiana-hoosiers-vs-wisconsin-badgers-tickets-merchants-bank-field-at-memorial-stadium-11-15-25-3am/6879155/,89.0,4503.0,,,2025-11-05,18:58:57
indiana-hoosiers-football,Indiana Hoosiers Football,https://www.tickpick.com/ncaa-football/indiana-hoosiers-football-tickets/,6879232,Purdue Boilermakers vs. Indiana Hoosiers,Purdue Boilermakers,Indiana Hoosiers,2025-11-28,19:00,https://www.tickpick.com/buy-purdue-boilermakers-vs-indiana-hoosiers-tickets-ross-ade-stadium-11-28-25-7pm/6879232/,65.0,2083.0,,,2025-11-05,18:58:57
iowa-hawkeyes-football,Iowa Hawkeyes Football,https://www.tickpick.com/ncaa-football/iowa-hawkeyes-football-tickets/,6879343,Iowa Hawkeyes vs. Oregon Ducks,Iowa Hawkeyes,Oregon Ducks,2025-11-08,14:00,https://www.tickpick.com/buy-iowa-hawkeyes-vs-oregon-ducks-tickets-kinnick-stadium-11-8-25-2pm/6879343/,158.0,12687.0,943.34,1323.0,2025-11-05,18:58:57
iowa-hawkeyes-football,Iowa Hawkeyes Football,https://www.tickpick.com/ncaa-football/iowa-hawkeyes-football-tickets/,6877478,USC Trojans vs. Iowa Hawkeyes,USC Trojans,Iowa Hawkeyes,2025-11-15,12:00,https://www.tickpick.com/buy-usc-trojans-vs-iowa-hawkeyes-tickets-los-angeles-memorial-coliseum-11-15-25-12pm/6877478/,67.0,2004.0,,,2025-11-05,18:58:57
iowa-hawkeyes-football,Iowa Hawkeyes Football,https://www.tickpick.com/ncaa-football/iowa-hawkeyes-football-tickets/,6879345,Iowa Hawkeyes vs. Michigan State Spartans,Iowa Hawkeyes,Michigan State Spartans,2025-11-22,03:00,https://www.tickpick.com/buy-iowa-hawkeyes-vs-michigan-state-spartans-tickets-kinnick-stadium-11-22-25-3am/6879345/,24.0,2505.0,,,2025-11-05,18:58:57
iowa-hawkeyes-football,Iowa Hawkeyes Football,https://www.tickpick.com/ncaa-football/iowa-hawkeyes-football-tickets/,6877883,Nebraska Cornhuskers vs. Iowa Hawkeyes,Nebraska Cornhuskers,Iowa Hawkeyes,2025-11-28,11:00,https://www.tickpick.com/buy-nebraska-cornhuskers-vs-iowa-hawkeyes-tickets-memorial-stadium-ne-11-28-25-11am/6877883/,120.0,1256.0,,,2025-11-05,18:58:57
iowa-hawkeyes-football,Iowa Hawkeyes Football,https://www.tickpick.com/ncaa-football/iowa-hawkeyes-football-tickets/,7528606,Iowa Hawkeyes vs. Northern Illinois Huskies,Iowa Hawkeyes,Northern Illinois Huskies,2026-09-05,03:00,https://www.tickpick.com/buy-iowa-hawkeyes-vs-northern-illinois-huskies-tickets-kinnick-stadium-9-5-26-3am/7528606/,,,,,2025-11-05,18:58:57
iowa-hawkeyes-football,Iowa Hawkeyes Football,https://www.tickpick.com/ncaa-football/iowa-hawkeyes-football-tickets/,7528607,Iowa Hawkeyes vs. Iowa State Cyclones,Iowa Hawkeyes,Iowa State Cyclones,2026-09-12,03:00,https://www.tickpick.com/buy-iowa-hawkeyes-vs-iowa-state-cyclones-tickets-kinnick-stadium-9-12-26-3am/7528607/,,,,,2025-11-05,18:58:57
iowa-hawkeyes-football,Iowa Hawkeyes Football,https://www.tickpick.com/ncaa-football/iowa-hawkeyes-football-tickets/,7528608,Iowa Hawkeyes vs. Northern Iowa Panthers,Iowa Hawkeyes,Northern Iowa Panthers,2026-09-19,03:00,https://www.tickpick.com/buy-iowa-hawkeyes-vs-northern-iowa-panthers-tickets-kinnick-stadium-9-19-26-3am/7528608/,,,,,2025-11-05,18:58:57
maryland-terrapins-football,Maryland Terrapins Football,https://www.tickpick.com/ncaa-football/maryland-terrapins-football-tickets/,6879256,Rutgers Scarlet Knights vs. Maryland Terrapins,Rutgers Scarlet Knights,Maryland Terrapins,2025-11-08,14:00,https://www.tickpick.com/buy-rutgers-scarlet-knights-vs-maryland-terrapins-tickets-shi-stadium-11-8-25-2pm/6879256/,20.0,992.0,62.66,1675.0,2025-11-05,18:58:57
maryland-terrapins-football,Maryland Terrapins Football,https://www.tickpick.com/ncaa-football/maryland-terrapins-football-tickets/,6879355,Illinois Fighting Illini vs. Maryland Terrapins,Illinois Fighting Illini,Maryland Terrapins,2025-11-15,03:00,https://www.tickpick.com/buy-illinois-fighting-illini-vs-maryland-terrapins-tickets-gies-memorial-stadium-11-15-25-3am/6879355/,6.0,592.0,,,2025-11-05,18:58:57
maryland-terrapins-football,Maryland Terrapins Football,https://www.tickpick.com/ncaa-football/maryland-terrapins-football-tickets/,6877396,Maryland Terrapins vs. Michigan Wolverines,Maryland Terrapins,Michigan Wolverines,2025-11-22,03:00,https://www.tickpick.com/buy-maryland-terrapins-vs-michigan-wolverines-tickets-secu-stadium-11-22-25-3am/6877396/,90.0,1621.0,,,2025-11-05,18:58:57
maryland-terrapins-football,Maryland Terrapins Football,https://www.tickpick.com/ncaa-football/maryland-terrapins-football-tickets/,6885532,Michigan State Spartans vs. Maryland Terrapins,Michigan State Spartans,Maryland Terrapins,2025-11-29,19:00,https://www.tickpick.com/buy-michigan-state-spartans-vs-maryland-terrapins-tickets-ford-field-11-29-25-7pm/6885532/,43.0,403.0,,,2025-11-05,18:58:57
maryland-terrapins-football,Maryland Terrapins Football,https://www.tickpick.com/ncaa-football/maryland-terrapins-football-tickets/,7528867,Maryland Terrapins vs. Hampton Pirates,Maryland Terrapins,Hampton Pirates,2026-09-05,03:00,https://www.tickpick.com/buy-maryland-terrapins-vs-hampton-pirates-tickets-secu-stadium-9-5-26-3am/7528867/,,,,,2025-11-05,18:58:57
maryland-terrapins-football,Maryland Terrapins Football,https://www.tickpick.com/ncaa-football/maryland-terrapins-football-tickets/,7528868,Maryland Terrapins vs. Virginia Tech Hokies,Maryland Terrapins,Virginia Tech Hokies,2026-09-19,03:00,https://www.tickpick.com/buy-maryland-terrapins-vs-virginia-tech-hokies-tickets-secu-stadium-9-19-26-3am/7528868/,,,,,2025-11-05,18:58:57
michigan-state-spartans-football,Michigan State Spartans Football,https://www.tickpick.com/ncaa-football/michigan-state-spartans-football-tickets/,6885530,Michigan State Spartans vs. Penn State Nittany Lions,Michigan State Spartans,Penn State Nittany Lions,2025-11-15,15:00,https://www.tickpick.com/buy-michigan-state-spartans-vs-penn-state-nittany-lions-tickets-spartan-stadium-mi-11-15-25-3pm/6885530/,40.0,587.0,76.16,1677.0,2025-11-05,18:58:57
michigan-state-spartans-football,Michigan State Spartans Football,https://www.tickpick.com/ncaa-football/michigan-state-spartans-football-tickets/,6879345,Iowa Hawkeyes vs. Michigan State Spartans,Iowa Hawkeyes,Michigan State Spartans,2025-11-22,03:00,https://www.tickpick.com/buy-iowa-hawkeyes-vs-michigan-state-spartans-tickets-kinnick-stadium-11-22-25-3am/6879345/,24.0,2505.0,,,2025-11-05,18:58:57
michigan-state-spartans-football,Michigan State Spartans Football,https://www.tickpick.com/ncaa-football/michigan-state-spartans-football-tickets/,6885532,Michigan State Spartans vs. Maryland Terrapins,Michigan State Spartans,Maryland Terrapins,2025-11-29,19:00,https://www.tickpick.com/buy-michigan-state-spartans-vs-maryland-terrapins-tickets-ford-field-11-29-25-7pm/6885532/,43.0,403.0,,,2025-11-05,18:58:57
michigan-wolverines-football,Michigan Wolverines Football,https://www.tickpick.com/ncaa-football/michigan-wolverines-football-tickets/,6877791,Northwestern Wildcats vs. Michigan Wolverines,Northwestern Wildcats,Michigan Wolverines,2025-11-15,03:00,https://www.tickpick.com/buy-northwestern-wildcats-vs-michigan-wolverines-tickets-wrigley-field-11-15-25-3am/6877791/,130.0,1036.0,291.27,2599.0,2025-11-05,18:58:57
michigan-wolverines-football,Michigan Wolverines Football,https://www.tickpick.com/ncaa-football/michigan-wolverines-football-tickets/,6877396,Maryland Terrapins vs. Michigan Wolverines,Maryland Terrapins,Michigan Wolverines,2025-11-22,03:00,https://www.tickpick.com/buy-maryland-terrapins-vs-michigan-wolverines-tickets-secu-stadium-11-22-25-3am/6877396/,90.0,1621.0,,,2025-11-05,18:58:57
michigan-wolverines-football,Michigan Wolverines Football,https://www.tickpick.com/ncaa-football/michigan-wolverines-football-tickets/,6879332,Michigan Wolverines vs. Ohio State Buckeyes,Michigan Wolverines,Ohio State Buckeyes,2025-11-29,12:00,https://www.tickpick.com/buy-michigan-wolverines-vs-ohio-state-buckeyes-tickets-michigan-stadium-11-29-25-12pm/6879332/,351.0,11192.0,,,2025-11-05,18:58:57
michigan-wolverines-football,Michigan Wolverines Football,https://www.tickpick.com/ncaa-football/michigan-wolverines-football-tickets/,7537211,First Round - Michigan Wolverines vs. TBD - (Date: TBD - If Necessary),College Playoffs: First Round - Michigan Wolverines,TBD - (Date: TBD - If Necessary),2025-12-19,03:00,https://www.tickpick.com/buy-college-football-playoffs-first-round-michigan-wolverines-vs-tbd-(date-tbd-if-necessary)-tickets-michigan-stadium-12-19-25-3am/7537211/,1488.0,1539.0,,,2025-11-05,18:58:57
michigan-wolverines-football,Michigan Wolverines Football,https://www.tickpick.com/ncaa-football/michigan-wolverines-football-tickets/,7528283,Michigan Wolverines vs. Western Michigan Broncos,Michigan Wolverines,Western Michigan Broncos,2026-09-05,03:00,https://www.tickpick.com/buy-michigan-wolverines-vs-western-michigan-broncos-tickets-michigan-stadium-9-5-26-3am/7528283/,154.0,206.0,,,2025-11-05,18:58:57
michigan-wolverines-football,Michigan Wolverines Football,https://www.tickpick.com/ncaa-football/michigan-wolverines-football-tickets/,7528284,Michigan Wolverines vs. Oklahoma Sooners,Michigan Wolverines,Oklahoma Sooners,2026-09-12,03:00,https://www.tickpick.com/buy-michigan-wolverines-vs-oklahoma-sooners-tickets-michigan-stadium-9-12-26-3am/7528284/,770.0,975.0,,,2025-11-05,18:58:57
michigan-wolverines-football,Michigan Wolverines Football,https://www.tickpick.com/ncaa-football/michigan-wolverines-football-tickets/,7528285,Michigan Wolverines vs. UTEP Miners,Michigan Wolverines,UTEP Miners,2026-09-19,03:00,https://www.tickpick.com/buy-michigan-wolverines-vs-utep-miners-tickets-michigan-stadium-9-19-26-3am/7528285/,154.0,206.0,,,2025-11-05,18:58:57
minnesota-golden-gophers-football,Minnesota Golden Gophers Football,https://www.tickpick.com/ncaa-football/minnesota-golden-gophers-football-tickets/,6877468,Oregon Ducks vs. Minnesota Golden Gophers,Oregon Ducks,Minnesota Golden Gophers,2025-11-14,18:00,https://www.tickpick.com/buy-oregon-ducks-vs-minnesota-golden-gophers-tickets-autzen-stadium-11-14-25-6pm/6877468/,41.0,1711.0,214.09,3733.0,2025-11-05,18:58:57
minnesota-golden-gophers-football,Minnesota Golden Gophers Football,https://www.tickpick.com/ncaa-football/minnesota-golden-gophers-football-tickets/,6877795,Northwestern Wildcats vs. Minnesota Golden Gophers,Northwestern Wildcats,Minnesota Golden Gophers,2025-11-22,03:00,https://www.tickpick.com/buy-northwestern-wildcats-vs-minnesota-golden-gophers-tickets-wrigley-field-11-22-25-3am/6877795/,55.0,668.0,,,2025-11-05,18:58:57
minnesota-golden-gophers-football,Minnesota Golden Gophers Football,https://www.tickpick.com/ncaa-football/minnesota-golden-gophers-football-tickets/,6879270,Minnesota Golden Gophers vs. Wisconsin Badgers,Minnesota Golden Gophers,Wisconsin Badgers,2025-11-29,03:00,https://www.tickpick.com/buy-minnesota-golden-gophers-vs-wisconsin-badgers-tickets-huntington-bank-stadium-11-29-25-3am/6879270/,82.0,624.0,,,2025-11-05,18:58:57
minnesota-golden-gophers-football,Minnesota Golden Gophers Football,https://www.tickpick.com/ncaa-football/minnesota-golden-gophers-football-tickets/,7528873,Minnesota Golden Gophers Vs. Eastern Illinois Panthers,Minnesota Golden Gophers Vs. Eastern Illinois Panthers,Eastern Illinois Panthers,2026-09-03,03:00,https://www.tickpick.com/buy-minnesota-golden-gophers-vs-eastern-illinois-panthers-tickets-huntington-bank-stadium-9-3-26-3am/7528873/,,,,,2025-11-05,18:58:57
minnesota-golden-gophers-football,Minnesota Golden Gophers Football,https://www.tickpick.com/ncaa-football/minnesota-golden-gophers-football-tickets/,7528874,Minnesota Golden Gophers vs. Mississippi State Bulldogs,Minnesota Golden Gophers,Mississippi State Bulldogs,2026-09-12,03:00,https://www.tickpick.com/buy-minnesota-golden-gophers-vs-mississippi-state-bulldogs-tickets-huntington-bank-stadium-9-12-26-3am/7528874/,,,,,2025-11-05,18:58:57
minnesota-golden-gophers-football,Minnesota Golden Gophers Football,https://www.tickpick.com/ncaa-football/minnesota-golden-gophers-football-tickets/,7528875,Minnesota Golden Gophers Vs. Akron Zips,Minnesota Golden Gophers Vs. Akron Zips,Akron Zips,2026-09-19,03:00,https://www.tickpick.com/buy-minnesota-golden-gophers-vs-akron-zips-tickets-huntington-bank-stadium-9-19-26-3am/7528875/,,,,,2025-11-05,18:58:57
nebraska-cornhuskers-football,Nebraska Cornhuskers Football,https://www.tickpick.com/ncaa-football/nebraska-cornhuskers-football-tickets/,6879901,UCLA Bruins vs. Nebraska Cornhuskers,UCLA Bruins,Nebraska Cornhuskers,2025-11-08,18:00,https://www.tickpick.com/buy-ucla-bruins-vs-nebraska-cornhuskers-tickets-rose-bowl-stadium-pasadena-11-8-25-6pm/6879901/,74.0,1250.0,191.58,753.0,2025-11-05,18:58:57
nebraska-cornhuskers-football,Nebraska Cornhuskers Football,https://www.tickpick.com/ncaa-football/nebraska-cornhuskers-football-tickets/,6877537,Penn State Nittany Lions vs. Nebraska Cornhuskers,Penn State Nittany Lions,Nebraska Cornhuskers,2025-11-22,03:00,https://www.tickpick.com/buy-penn-state-nittany-lions-vs-nebraska-cornhuskers-tickets-west-shore-home-field-at-beaver-stadium-11-22-25-3am/6877537/,11.0,1384.0,,,2025-11-05,18:58:57
nebraska-cornhuskers-football,Nebraska Cornhuskers Football,https://www.tickpick.com/ncaa-football/nebraska-cornhuskers-football-tickets/,6877883,Nebraska Cornhuskers vs. Iowa Hawkeyes,Nebraska Cornhuskers,Iowa Hawkeyes,2025-11-28,11:00,https://www.tickpick.com/buy-nebraska-cornhuskers-vs-iowa-hawkeyes-tickets-memorial-stadium-ne-11-28-25-11am/6877883/,120.0,1256.0,,,2025-11-05,18:58:57
nebraska-cornhuskers-football,Nebraska Cornhuskers Football,https://www.tickpick.com/ncaa-football/nebraska-cornhuskers-football-tickets/,7528876,Nebraska Cornhuskers vs. Ohio Bobcats,Nebraska Cornhuskers,Ohio Bobcats,2026-09-05,03:00,https://www.tickpick.com/buy-nebraska-cornhuskers-vs-ohio-bobcats-tickets-memorial-stadium-ne-9-5-26-3am/7528876/,113.0,113.0,,,2025-11-05,18:58:57
nebraska-cornhuskers-football,Nebraska Cornhuskers Football,https://www.tickpick.com/ncaa-football/nebraska-cornhuskers-football-tickets/,7528877,Nebraska Cornhuskers vs. Bowling Green Falcons,Nebraska Cornhuskers,Bowling Green Falcons,2026-09-12,03:00,https://www.tickpick.com/buy-nebraska-cornhuskers-vs-bowling-green-falcons-tickets-memorial-stadium-ne-9-12-26-3am/7528877/,109.0,109.0,,,2025-11-05,18:58:57
nebraska-cornhuskers-football,Nebraska Cornhuskers Football,https://www.tickpick.com/ncaa-football/nebraska-cornhuskers-football-tickets/,7528879,Nebraska Cornhuskers vs. North Dakota Fighting Hawks,Nebraska Cornhuskers,North Dakota Fighting Hawks,2026-09-19,03:00,https://www.tickpick.com/buy-nebraska-cornhuskers-vs-north-dakota-fighting-hawks-tickets-memorial-stadium-ne-9-19-26-3am/7528879/,103.0,103.0,,,2025-11-05,18:58:57
northwestern-wildcats-football,Northwestern Wildcats Football,https://www.tickpick.com/ncaa-football/northwestern-wildcats-football-tickets/,6877475,USC Trojans vs. Northwestern Wildcats,USC Trojans,Northwestern Wildcats,2025-11-07,18:00,https://www.tickpick.com/buy-usc-trojans-vs-northwestern-wildcats-tickets-los-angeles-memorial-coliseum-11-7-25-6pm/6877475/,39.0,1954.0,160.01,2159.0,2025-11-05,18:58:57
northwestern-wildcats-football,Northwestern Wildcats Football,https://www.tickpick.com/ncaa-football/northwestern-wildcats-football-tickets/,6877791,Northwestern Wildcats vs. Michigan Wolverines,Northwestern Wildcats,Michigan Wolverines,2025-11-15,03:00,https://www.tickpick.com/buy-northwestern-wildcats-vs-michigan-wolverines-tickets-wrigley-field-11-15-25-3am/6877791/,130.0,1036.0,,,2025-11-05,18:58:57
northwestern-wildcats-football,Northwestern Wildcats Football,https://www.tickpick.com/ncaa-football/northwestern-wildcats-football-tickets/,6877795,Northwestern Wildcats vs. Minnesota Golden Gophers,Northwestern Wildcats,Minnesota Golden Gophers,2025-11-22,03:00,https://www.tickpick.com/buy-northwestern-wildcats-vs-minnesota-golden-gophers-tickets-wrigley-field-11-22-25-3am/6877795/,55.0,668.0,,,2025-11-05,18:58:57
northwestern-wildcats-football,Northwestern Wildcats Football,https://www.tickpick.com/ncaa-football/northwestern-wildcats-football-tickets/,6879357,Illinois Fighting Illini vs. Northwestern Wildcats,Illinois Fighting Illini,Northwestern Wildcats,2025-11-29,03:00,https://www.tickpick.com/buy-illinois-fighting-illini-vs-northwestern-wildcats-tickets-gies-memorial-stadium-11-29-25-3am/6879357/,5.0,984.0,,,2025-11-05,18:58:57
ohio-state-buckeyes-football,Ohio State Buckeyes Football,https://www.tickpick.com/ncaa-football/ohio-state-buckeyes-football-tickets/,6879229,Purdue Boilermakers vs. Ohio State Buckeyes,Purdue Boilermakers,Ohio State Buckeyes,2025-11-08,13:00,https://www.tickpick.com/buy-purdue-boilermakers-vs-ohio-state-buckeyes-tickets-ross-ade-stadium-11-8-25-1pm/6879229/,36.0,1748.0,106.71,2841.0,2025-11-05,18:58:57
ohio-state-buckeyes-football,Ohio State Buckeyes Football,https://www.tickpick.com/ncaa-football/ohio-state-buckeyes-football-tickets/,6877801,Ohio State Buckeyes vs. UCLA Bruins,Ohio State Buckeyes,UCLA Bruins,2025-11-15,19:00,https://www.tickpick.com/buy-ohio-state-buckeyes-vs-ucla-bruins-tickets-ohio-stadium-11-15-25-7pm/6877801/,59.0,3460.0,,,2025-11-05,18:58:57
ohio-state-buckeyes-football,Ohio State Buckeyes Football,https://www.tickpick.com/ncaa-football/ohio-state-buckeyes-football-tickets/,6877803,Ohio State Buckeyes vs. Rutgers Scarlet Knights,Ohio State Buckeyes,Rutgers Scarlet Knights,2025-11-22,03:00,https://www.tickpick.com/buy-ohio-state-buckeyes-vs-rutgers-scarlet-knights-tickets-ohio-stadium-11-22-25-3am/6877803/,45.0,111734.0,,,2025-11-05,18:58:57
ohio-state-buckeyes-football,Ohio State Buckeyes Football,https://www.tickpick.com/ncaa-football/ohio-state-buckeyes-football-tickets/,6879332,Michigan Wolverines vs. Ohio State Buckeyes,Michigan Wolverines,Ohio State Buckeyes,2025-11-29,12:00,https://www.tickpick.com/buy-michigan-wolverines-vs-ohio-state-buckeyes-tickets-michigan-stadium-11-29-25-12pm/6879332/,351.0,11192.0,,,2025-11-05,18:58:57
ohio-state-buckeyes-football,Ohio State Buckeyes Football,https://www.tickpick.com/ncaa-football/ohio-state-buckeyes-football-tickets/,7528899,Ohio State Buckeyes vs. Ball State Cardinals,Ohio State Buckeyes,Ball State Cardinals,2026-09-05,03:00,https://www.tickpick.com/buy-ohio-state-buckeyes-vs-ball-state-cardinals-tickets-ohio-stadium-9-5-26-3am/7528899/,169.0,1096.0,,,2025-11-05,18:58:57
ohio-state-buckeyes-football,Ohio State Buckeyes Football,https://www.tickpick.com/ncaa-football/ohio-state-buckeyes-football-tickets/,7384449,Texas Longhorns vs. Ohio State Buckeyes,Texas Longhorns,Ohio State Buckeyes,2026-09-12,03:00,https://www.tickpick.com/buy-texas-longhorns-vs-ohio-state-buckeyes-tickets-darrell-k-royal-texas-memorial-stadium-9-12-26-3am/7384449/,634.0,4172.0,,,2025-11-05,18:58:57
ohio-state-buckeyes-football,Ohio State Buckeyes Football,https://www.tickpick.com/ncaa-football/ohio-state-buckeyes-football-tickets/,7528258,Texas Longhorns vs. Ohio State Buckeyes,Texas Longhorns,Ohio State Buckeyes,2026-09-12,03:00,https://www.tickpick.com/buy-texas-longhorns-vs-ohio-state-buckeyes-tickets-darrell-k-royal-texas-memorial-stadium-9-12-26-3am/7528258/,658.0,4321.0,,,2025-11-05,18:58:57
ohio-state-buckeyes-football,Ohio State Buckeyes Football,https://www.tickpick.com/ncaa-football/ohio-state-buckeyes-football-tickets/,7528900,Ohio State Buckeyes vs. Kent State Golden Flashes,Ohio State Buckeyes,Kent State Golden Flashes,2026-09-19,03:00,https://www.tickpick.com/buy-ohio-state-buckeyes-vs-kent-state-golden-flashes-tickets-ohio-stadium-9-19-26-3am/7528900/,181.0,1096.0,,,2025-11-05,18:58:57
oregon-ducks-football,Oregon Ducks Football,https://www.tickpick.com/ncaa-football/oregon-ducks-football-tickets/,6879343,Iowa Hawkeyes vs. Oregon Ducks,Iowa Hawkeyes,Oregon Ducks,2025-11-08,14:00,https://www.tickpick.com/buy-iowa-hawkeyes-vs-oregon-ducks-tickets-kinnick-stadium-11-8-25-2pm/6879343/,159.0,12687.0,942.99,1321.0,2025-11-05,18:58:57
oregon-ducks-football,Oregon Ducks Football,https://www.tickpick.com/ncaa-football/oregon-ducks-football-tickets/,6877468,Oregon Ducks vs. Minnesota Golden Gophers,Oregon Ducks,Minnesota Golden Gophers,2025-11-14,18:00,https://www.tickpick.com/buy-oregon-ducks-vs-minnesota-golden-gophers-tickets-autzen-stadium-11-14-25-6pm/6877468/,41.0,1711.0,,,2025-11-05,18:58:57
oregon-ducks-football,Oregon Ducks Football,https://www.tickpick.com/ncaa-football/oregon-ducks-football-tickets/,6877469,Oregon Ducks vs. USC Trojans,Oregon Ducks,USC Trojans,2025-11-22,03:00,https://www.tickpick.com/buy-oregon-ducks-vs-usc-trojans-tickets-autzen-stadium-11-22-25-3am/6877469/,115.0,8389.0,,,2025-11-05,18:58:57
oregon-ducks-football,Oregon Ducks Football,https://www.tickpick.com/ncaa-football/oregon-ducks-football-tickets/,6877401,Washington Huskies vs. Oregon Ducks,Washington Huskies,Oregon Ducks,2025-11-29,03:00,https://www.tickpick.com/buy-washington-huskies-vs-oregon-ducks-tickets-husky-stadium-wa-11-29-25-3am/6877401/,129.0,4955.0,,,2025-11-05,18:58:57
oregon-ducks-football,Oregon Ducks Football,https://www.tickpick.com/ncaa-football/oregon-ducks-football-tickets/,7528615,Oklahoma State Cowboys vs. Oregon Ducks,Oklahoma State Cowboys,Oregon Ducks,2026-09-12,03:00,https://www.tickpick.com/buy-oklahoma-state-cowboys-vs-oregon-ducks-tickets-boone-pickens-stadium-9-12-26-3am/7528615/,219.0,493.0,,,2025-11-05,18:58:57
penn-state-nittany-lions-football,Penn State Nittany Lions Football,https://www.tickpick.com/ncaa-football/penn-state-nittany-lions-football-tickets/,6877536,Penn State Nittany Lions vs. Indiana Hoosiers,Penn State Nittany Lions,Indiana Hoosiers,2025-11-08,12:00,https://www.tickpick.com/buy-penn-state-nittany-lions-vs-indiana-hoosiers-tickets-west-shore-home-field-at-beaver-stadium-11-8-25-12pm/6877536/,20.0,1247.0,93.52,4601.0,2025-11-05,18:58:57
penn-state-nittany-lions-football,Penn State Nittany Lions Football,https://www.tickpick.com/ncaa-football/penn-state-nittany-lions-football-tickets/,6885530,Michigan State Spartans vs. Penn State Nittany Lions,Michigan State Spartans,Penn State Nittany Lions,2025-11-15,15:00,https://www.tickpick.com/buy-michigan-state-spartans-vs-penn-state-nittany-lions-tickets-spartan-stadium-mi-11-15-25-3pm/6885530/,40.0,587.0,,,2025-11-05,18:58:57
penn-state-nittany-lions-football,Penn State Nittany Lions Football,https://www.tickpick.com/ncaa-football/penn-state-nittany-lions-football-tickets/,6877537,Penn State Nittany Lions vs. Nebraska Cornhuskers,Penn State Nittany Lions,Nebraska Cornhuskers,2025-11-22,03:00,https://www.tickpick.com/buy-penn-state-nittany-lions-vs-nebraska-cornhuskers-tickets-west-shore-home-field-at-beaver-stadium-11-22-25-3am/6877537/,11.0,1384.0,,,2025-11-05,18:58:57
penn-state-nittany-lions-football,Penn State Nittany Lions Football,https://www.tickpick.com/ncaa-football/penn-state-nittany-lions-football-tickets/,6879258,Rutgers Scarlet Knights vs. Penn State Nittany Lions,Rutgers Scarlet Knights,Penn State Nittany Lions,2025-11-29,03:00,https://www.tickpick.com/buy-rutgers-scarlet-knights-vs-penn-state-nittany-lions-tickets-shi-stadium-11-29-25-3am/6879258/,46.0,1588.0,,,2025-11-05,18:58:57
purdue-boilermakers-football,Purdue Boilermakers Football,https://www.tickpick.com/ncaa-football/purdue-boilermakers-football-tickets/,6879229,Purdue Boilermakers vs. Ohio State Buckeyes,Purdue Boilermakers,Ohio State Buckeyes,2025-11-08,13:00,https://www.tickpick.com/buy-purdue-boilermakers-vs-ohio-state-buckeyes-tickets-ross-ade-stadium-11-8-25-1pm/6879229/,36.0,1748.0,106.53,2851.0,2025-11-05,18:58:57
purdue-boilermakers-football,Purdue Boilermakers Football,https://www.tickpick.com/ncaa-football/purdue-boilermakers-football-tickets/,6877400,Washington Huskies vs. Purdue Boilermakers,Washington Huskies,Purdue Boilermakers,2025-11-15,16:00,https://www.tickpick.com/buy-washington-huskies-vs-purdue-boilermakers-tickets-husky-stadium-wa-11-15-25-4pm/6877400/,12.0,2655.0,,,2025-11-05,18:58:57
purdue-boilermakers-football,Purdue Boilermakers Football,https://www.tickpick.com/ncaa-football/purdue-boilermakers-football-tickets/,6879232,Purdue Boilermakers vs. Indiana Hoosiers,Purdue Boilermakers,Indiana Hoosiers,2025-11-28,19:00,https://www.tickpick.com/buy-purdue-boilermakers-vs-indiana-hoosiers-tickets-ross-ade-stadium-11-28-25-7pm/6879232/,65.0,2083.0,,,2025-11-05,18:58:57
purdue-boilermakers-football,Purdue Boilermakers Football,https://www.tickpick.com/ncaa-football/purdue-boilermakers-football-tickets/,7528610,Purdue Boilermakers vs. Notre Dame Fighting Irish,Purdue Boilermakers,Notre Dame Fighting Irish,2026-09-06,03:00,https://www.tickpick.com/buy-purdue-boilermakers-vs-notre-dame-fighting-irish-tickets-ross-ade-stadium-9-6-26-3am/7528610/,924.0,1283.0,,,2025-11-05,18:58:57
rutgers-scarlet-knights-football,Rutgers Scarlet Knights Football,https://www.tickpick.com/ncaa-football/rutgers-scarlet-knights-football-tickets/,6879256,Rutgers Scarlet Knights vs. Maryland Terrapins,Rutgers Scarlet Knights,Maryland Terrapins,2025-11-08,14:00,https://www.tickpick.com/buy-rutgers-scarlet-knights-vs-maryland-terrapins-tickets-shi-stadium-11-8-25-2pm/6879256/,20.0,992.0,62.43,1690.0,2025-11-05,18:58:57
rutgers-scarlet-knights-football,Rutgers Scarlet Knights Football,https://www.tickpick.com/ncaa-football/rutgers-scarlet-knights-football-tickets/,6877803,Ohio State Buckeyes vs. Rutgers Scarlet Knights,Ohio State Buckeyes,Rutgers Scarlet Knights,2025-11-22,03:00,https://www.tickpick.com/buy-ohio-state-buckeyes-vs-rutgers-scarlet-knights-tickets-ohio-stadium-11-22-25-3am/6877803/,45.0,111734.0,,,2025-11-05,18:58:57
rutgers-scarlet-knights-football,Rutgers Scarlet Knights Football,https://www.tickpick.com/ncaa-football/rutgers-scarlet-knights-football-tickets/,6879258,Rutgers Scarlet Knights vs. Penn State Nittany Lions,Rutgers Scarlet Knights,Penn State Nittany Lions,2025-11-29,03:00,https://www.tickpick.com/buy-rutgers-scarlet-knights-vs-penn-state-nittany-lions-tickets-shi-stadium-11-29-25-3am/6879258/,46.0,1588.0,,,2025-11-05,18:58:57
ucla-bruins-football,Ucla Bruins Football,https://www.tickpick.com/ncaa-football/ucla-bruins-football-tickets/,6879901,UCLA Bruins vs. Nebraska Cornhuskers,UCLA Bruins,Nebraska Cornhuskers,2025-11-08,18:00,https://www.tickpick.com/buy-ucla-bruins-vs-nebraska-cornhuskers-tickets-rose-bowl-stadium-pasadena-11-8-25-6pm/6879901/,74.0,1250.0,189.55,749.0,2025-11-05,18:58:57
ucla-bruins-football,Ucla Bruins Football,https://www.tickpick.com/ncaa-football/ucla-bruins-football-tickets/,6877801,Ohio State Buckeyes vs. UCLA Bruins,Ohio State Buckeyes,UCLA Bruins,2025-11-15,19:00,https://www.tickpick.com/buy-ohio-state-buckeyes-vs-ucla-bruins-tickets-ohio-stadium-11-15-25-7pm/6877801/,59.0,3460.0,,,2025-11-05,18:58:57
ucla-bruins-football,Ucla Bruins Football,https://www.tickpick.com/ncaa-football/ucla-bruins-football-tickets/,6879909,UCLA Bruins vs. Washington Huskies,UCLA Bruins,Washington Huskies,2025-11-22,03:00,https://www.tickpick.com/buy-ucla-bruins-vs-washington-huskies-tickets-rose-bowl-stadium-pasadena-11-22-25-3am/6879909/,26.0,1144.0,,,2025-11-05,18:58:57
ucla-bruins-football,Ucla Bruins Football,https://www.tickpick.com/ncaa-football/ucla-bruins-football-tickets/,6877479,USC Trojans vs. UCLA Bruins,USC Trojans,UCLA Bruins,2025-11-29,03:00,https://www.tickpick.com/buy-usc-trojans-vs-ucla-bruins-tickets-los-angeles-memorial-coliseum-11-29-25-3am/6877479/,120.0,5826.0,,,2025-11-05,18:58:57
ucla-bruins-football,Ucla Bruins Football,https://www.tickpick.com/ncaa-football/ucla-bruins-football-tickets/,7528908,UCLA Bruins vs. San Diego State Aztecs,UCLA Bruins,San Diego State Aztecs,2026-09-12,03:00,https://www.tickpick.com/buy-ucla-bruins-vs-san-diego-state-aztecs-tickets-rose-bowl-stadium-pasadena-9-12-26-3am/7528908/,,,,,2025-11-05,18:58:57
ucla-bruins-football,Ucla Bruins Football,https://www.tickpick.com/ncaa-football/ucla-bruins-football-tickets/,7528909,UCLA Bruins vs. Nevada Wolf Pack,UCLA Bruins,Nevada Wolf Pack,2026-09-19,03:00,https://www.tickpick.com/buy-ucla-bruins-vs-nevada-wolf-pack-tickets-rose-bowl-stadium-pasadena-9-19-26-3am/7528909/,,,,,2025-11-05,18:58:57
usc-trojans-football,Usc Trojans Football,https://www.tickpick.com/ncaa-football/usc-trojans-football-tickets/,6877475,USC Trojans vs. Northwestern Wildcats,USC Trojans,Northwestern Wildcats,2025-11-07,18:00,https://www.tickpick.com/buy-usc-trojans-vs-northwestern-wildcats-tickets-los-angeles-memorial-coliseum-11-7-25-6pm/6877475/,37.0,1954.0,161.71,2188.0,2025-11-05,18:58:57
usc-trojans-football,Usc Trojans Football,https://www.tickpick.com/ncaa-football/usc-trojans-football-tickets/,6877478,USC Trojans vs. Iowa Hawkeyes,USC Trojans,Iowa Hawkeyes,2025-11-15,12:00,https://www.tickpick.com/buy-usc-trojans-vs-iowa-hawkeyes-tickets-los-angeles-memorial-coliseum-11-15-25-12pm/6877478/,67.0,2004.0,,,2025-11-05,18:58:57
usc-trojans-football,Usc Trojans Football,https://www.tickpick.com/ncaa-football/usc-trojans-football-tickets/,6877469,Oregon Ducks vs. USC Trojans,Oregon Ducks,USC Trojans,2025-11-22,03:00,https://www.tickpick.com/buy-oregon-ducks-vs-usc-trojans-tickets-autzen-stadium-11-22-25-3am/6877469/,115.0,8389.0,,,2025-11-05,18:58:57
usc-trojans-football,Usc Trojans Football,https://www.tickpick.com/ncaa-football/usc-trojans-football-tickets/,6877479,USC Trojans vs. UCLA Bruins,USC Trojans,UCLA Bruins,2025-11-29,03:00,https://www.tickpick.com/buy-usc-trojans-vs-ucla-bruins-tickets-los-angeles-memorial-coliseum-11-29-25-3am/6877479/,120.0,5826.0,,,2025-11-05,18:58:57
washington-huskies-football,Washington Huskies Football,https://www.tickpick.com/ncaa-football/washington-huskies-football-tickets/,6877383,Wisconsin Badgers vs. Washington Huskies,Wisconsin Badgers,Washington Huskies,2025-11-08,15:00,https://www.tickpick.com/buy-wisconsin-badgers-vs-washington-huskies-tickets-camp-randall-stadium-11-8-25-3pm/6877383/,7.0,6274.0,103.75,1347.0,2025-11-05,18:58:57
washington-huskies-football,Washington Huskies Football,https://www.tickpick.com/ncaa-football/washington-huskies-football-tickets/,6877400,Washington Huskies vs. Purdue Boilermakers,Washington Huskies,Purdue Boilermakers,2025-11-15,16:00,https://www.tickpick.com/buy-washington-huskies-vs-purdue-boilermakers-tickets-husky-stadium-wa-11-15-25-4pm/6877400/,12.0,2655.0,,,2025-11-05,18:58:57
washington-huskies-football,Washington Huskies Football,https://www.tickpick.com/ncaa-football/washington-huskies-football-tickets/,6879909,UCLA Bruins vs. Washington Huskies,UCLA Bruins,Washington Huskies,2025-11-22,03:00,https://www.tickpick.com/buy-ucla-bruins-vs-washington-huskies-tickets-rose-bowl-stadium-pasadena-11-22-25-3am/6879909/,26.0,1144.0,,,2025-11-05,18:58:57
washington-huskies-football,Washington Huskies Football,https://www.tickpick.com/ncaa-football/washington-huskies-football-tickets/,6877401,Washington Huskies vs. Oregon Ducks,Washington Huskies,Oregon Ducks,2025-11-29,03:00,https://www.tickpick.com/buy-washington-huskies-vs-oregon-ducks-tickets-husky-stadium-wa-11-29-25-3am/6877401/,129.0,4955.0,,,2025-11-05,18:58:57
washington-huskies-football,Washington Huskies Football,https://www.tickpick.com/ncaa-football/washington-huskies-football-tickets/,7528846,Washington State Cougars vs. Washington Huskies,Washington State Cougars,Washington Huskies,2026-09-05,03:00,https://www.tickpick.com/buy-washington-state-cougars-vs-washington-huskies-tickets-husky-stadium-wa-9-5-26-3am/7528846/,202.0,619.0,,,2025-11-05,18:58:57
wisconsin-badgers-football,Wisconsin Badgers Football,https://www.tickpick.com/ncaa-football/wisconsin-badgers-football-tickets/,6877383,Wisconsin Badgers vs. Washington Huskies,Wisconsin Badgers,Washington Huskies,2025-11-08,15:00,https://www.tickpick.com/buy-wisconsin-badgers-vs-washington-huskies-tickets-camp-randall-stadium-11-8-25-3pm/6877383/,7.0,6274.0,103.55,1346.0,2025-11-05,18:58:57
wisconsin-badgers-football,Wisconsin Badgers Football,https://www.tickpick.com/ncaa-football/wisconsin-badgers-football-tickets/,6879155,Indiana Hoosiers vs. Wisconsin Badgers,Indiana Hoosiers,Wisconsin Badgers,2025-11-15,03:00,https://www.tickpick.com/buy-indiana-hoosiers-vs-wisconsin-badgers-tickets-merchants-bank-field-at-memorial-stadium-11-15-25-3am/6879155/,89.0,4503.0,,,2025-11-05,18:58:57
wisconsin-badgers-football,Wisconsin Badgers Football,https://www.tickpick.com/ncaa-football/wisconsin-badgers-football-tickets/,6877384,Wisconsin Badgers vs. Illinois Fighting Illini,Wisconsin Badgers,Illinois Fighting Illini,2025-11-22,03:00,https://www.tickpick.com/buy-wisconsin-badgers-vs-illinois-fighting-illini-tickets-camp-randall-stadium-11-22-25-3am/6877384/,8.0,11637.0,,,2025-11-05,18:58:57
wisconsin-badgers-football,Wisconsin Badgers Football,https://www.tickpick.com/ncaa-football/wisconsin-badgers-football-tickets/,6879270,Minnesota Golden Gophers vs. Wisconsin Badgers,Minnesota Golden Gophers,Wisconsin Badgers,2025-11-29,03:00,https://www.tickpick.com/buy-minnesota-golden-gophers-vs-wisconsin-badgers-tickets-huntington-bank-stadium-11-29-25-3am/6879270/,82.0,624.0,,,2025-11-05,18:58:57
wisconsin-badgers-football,Wisconsin Badgers Football,https://www.tickpick.com/ncaa-football/wisconsin-badgers-football-tickets/,7415469,Wisconsin Badgers vs. Notre Dame Fighting Irish,Wisconsin Badgers,Notre Dame Fighting Irish,2026-09-06,03:00,https://www.tickpick.com/buy-wisconsin-badgers-vs-notre-dame-fighting-irish-tickets-lambeau-field-9-6-26-3am/7415469/,506.0,2196.0,,,2025-11-05,18:58:57
wisconsin-badgers-football,Wisconsin Badgers Football,https://www.tickpick.com/ncaa-football/wisconsin-badgers-football-tickets/,7528898,Wisconsin Badgers vs. Notre Dame Fighting Irish,Wisconsin Badgers,Notre Dame Fighting Irish,2026-09-06,03:00,https://www.tickpick.com/buy-wisconsin-badgers-vs-notre-dame-fighting-irish-tickets-lambeau-field-9-6-26-3am/7528898/,,,,,2025-11-05,18:58:57
wisconsin-badgers-football,Wisconsin Badgers Football,https://www.tickpick.com/ncaa-football/wisconsin-badgers-football-tickets/,7528895,Wisconsin Badgers vs. Western Illinois Leathernecks,Wisconsin Badgers,Western Illinois Leathernecks,2026-09-12,03:00,https://www.tickpick.com/buy-wisconsin-badgers-vs-western-illinois-leathernecks-tickets-camp-randall-stadium-9-12-26-3am/7528895/,103.0,548.0,,,2025-11-05,18:58:57
wisconsin-badgers-football,Wisconsin Badgers Football,https://www.tickpick.com/ncaa-football/wisconsin-badgers-football-tickets/,7528896,Wisconsin Badgers vs. Pittsburgh Panthers,Wisconsin Badgers,Pittsburgh Panthers,2026-09-19,03:00,https://www.tickpick.com/buy-wisconsin-badgers-vs-pittsburgh-panthers-tickets-camp-randall-stadium-9-19-26-3am/7528896/,124.0,548.0,,,2025-11-05,18:58:57
alabama-crimson-tide-football,Alabama Crimson Tide Football,https://www.tickpick.com/ncaa-football/alabama-crimson-tide-football-tickets/,6878551,Alabama Crimson Tide vs. LSU Tigers,Alabama Crimson Tide,LSU Tigers,2025-11-08,18:00,https://www.tickpick.com/buy-alabama-crimson-tide-vs-lsu-tigers-tickets-bryant-denny-stadium-11-8-25-6pm/6878551/,137.0,7757.0,527.41,3881.0,2025-11-05,18:58:57
alabama-crimson-tide-football,Alabama Crimson Tide Football,https://www.tickpick.com/ncaa-football/alabama-crimson-tide-football-tickets/,6878552,Alabama Crimson Tide vs. Oklahoma Sooners,Alabama Crimson Tide,Oklahoma Sooners,2025-11-15,14:00,https://www.tickpick.com/buy-alabama-crimson-tide-vs-oklahoma-sooners-tickets-bryant-denny-stadium-11-15-25-2pm/6878552/,144.0,6683.0,,,2025-11-05,18:58:57
alabama-crimson-tide-football,Alabama Crimson Tide Football,https://www.tickpick.com/ncaa-football/alabama-crimson-tide-football-tickets/,6878553,Alabama Crimson Tide vs. Eastern Illinois Panthers,Alabama Crimson Tide,Eastern Illinois Panthers,2025-11-22,13:00,https://www.tickpick.com/buy-alabama-crimson-tide-vs-eastern-illinois-panthers-tickets-bryant-denny-stadium-11-22-25-1pm/6878553/,31.0,1984.0,,,2025-11-05,18:58:57
alabama-crimson-tide-football,Alabama Crimson Tide Football,https://www.tickpick.com/ncaa-football/alabama-crimson-tide-football-tickets/,6878832,Auburn Tigers vs. Alabama Crimson Tide,Auburn Tigers,Alabama Crimson Tide,2025-11-29,03:00,https://www.tickpick.com/buy-auburn-tigers-vs-alabama-crimson-tide-tickets-jordan-hare-stadium-11-29-25-3am/6878832/,344.0,8754.0,,,2025-11-05,18:58:57
alabama-crimson-tide-football,Alabama Crimson Tide Football,https://www.tickpick.com/ncaa-football/alabama-crimson-tide-football-tickets/,7528209,Alabama Crimson Tide vs. Florida State Seminoles,Alabama Crimson Tide,Florida State Seminoles,2026-09-19,03:00,https://www.tickpick.com/buy-alabama-crimson-tide-vs-florida-state-seminoles-tickets-bryant-denny-stadium-9-19-26-3am/7528209/,1099.0,1099.0,,,2025-11-05,18:58:57
arkansas-razorbacks-football,Arkansas Razorbacks Football,https://www.tickpick.com/ncaa-football/arkansas-razorbacks-football-tickets/,6878886,LSU Tigers vs. Arkansas Razorbacks,LSU Tigers,Arkansas Razorbacks,2025-11-15,11:00,https://www.tickpick.com/buy-lsu-tigers-vs-arkansas-razorbacks-tickets-tiger-stadium-baton-rouge-11-15-25-11am/6878886/,13.0,6420.0,164.77,4394.0,2025-11-05,18:58:57
arkansas-razorbacks-football,Arkansas Razorbacks Football,https://www.tickpick.com/ncaa-football/arkansas-razorbacks-football-tickets/,6878559,Texas Longhorns vs. Arkansas Razorbacks,Texas Longhorns,Arkansas Razorbacks,2025-11-22,03:00,https://www.tickpick.com/buy-texas-longhorns-vs-arkansas-razorbacks-tickets-darrell-k-royal-texas-memorial-stadium-11-22-25-3am/6878559/,131.0,7524.0,,,2025-11-05,18:58:57
arkansas-razorbacks-football,Arkansas Razorbacks Football,https://www.tickpick.com/ncaa-football/arkansas-razorbacks-football-tickets/,6878813,Arkansas Razorbacks vs. Missouri Tigers,Arkansas Razorbacks,Missouri Tigers,2025-11-29,03:00,https://www.tickpick.com/buy-arkansas-razorbacks-vs-missouri-tigers-tickets-donald-w-reynolds-razorback-stadium-11-29-25-3am/6878813/,10.0,2521.0,,,2025-11-05,18:58:57
arkansas-razorbacks-football,Arkansas Razorbacks Football,https://www.tickpick.com/ncaa-football/arkansas-razorbacks-football-tickets/,7528943,Utah Utes vs. Arkansas Razorbacks,Utah Utes,Arkansas Razorbacks,2026-09-12,03:00,https://www.tickpick.com/buy-utah-utes-vs-arkansas-razorbacks-tickets-rice-eccles-stadium-9-12-26-3am/7528943/,376.0,386.0,,,2025-11-05,18:58:57
auburn-tigers-football,Auburn Tigers Football,https://www.tickpick.com/ncaa-football/auburn-tigers-football-tickets/,6879094,Vanderbilt Commodores vs. Auburn Tigers,Vanderbilt Commodores,Auburn Tigers,2025-11-08,15:00,https://www.tickpick.com/buy-vanderbilt-commodores-vs-auburn-tigers-tickets-firstbank-stadium-11-8-25-3pm/6879094/,164.0,3587.0,344.98,1462.0,2025-11-05,18:58:57
auburn-tigers-football,Auburn Tigers Football,https://www.tickpick.com/ncaa-football/auburn-tigers-football-tickets/,6878830,Auburn Tigers vs. Mercer Bears,Auburn Tigers,Mercer Bears,2025-11-22,13:00,https://www.tickpick.com/buy-auburn-tigers-vs-mercer-bears-tickets-jordan-hare-stadium-11-22-25-1pm/6878830/,19.0,1269.0,,,2025-11-05,18:58:57
auburn-tigers-football,Auburn Tigers Football,https://www.tickpick.com/ncaa-football/auburn-tigers-football-tickets/,6878832,Auburn Tigers vs. Alabama Crimson Tide,Auburn Tigers,Alabama Crimson Tide,2025-11-29,03:00,https://www.tickpick.com/buy-auburn-tigers-vs-alabama-crimson-tide-tickets-jordan-hare-stadium-11-29-25-3am/6878832/,344.0,8754.0,,,2025-11-05,18:58:57
auburn-tigers-football,Auburn Tigers Football,https://www.tickpick.com/ncaa-football/auburn-tigers-football-tickets/,7474843,Auburn Tigers vs. Baylor Bears,2026 Aflac College Kickoff: Auburn Tigers,Baylor Bears,2026-09-05,03:00,https://www.tickpick.com/buy-2026-aflac-college-kickoff-auburn-tigers-vs-baylor-bears-tickets-mercedes-benz-stadium-9-5-26-3am/7474843/,,,,,2025-11-05,18:58:57
florida-gators-football,Florida Gators Football,https://www.tickpick.com/ncaa-football/florida-gators-football-tickets/,6878909,Kentucky Wildcats vs. Florida Gators,Kentucky Wildcats,Florida Gators,2025-11-08,19:00,https://www.tickpick.com/buy-kentucky-wildcats-vs-florida-gators-tickets-kroger-field-11-8-25-7pm/6878909/,29.0,12755.0,115.2,5208.0,2025-11-05,18:58:57
florida-gators-football,Florida Gators Football,https://www.tickpick.com/ncaa-football/florida-gators-football-tickets/,6878927,Mississippi Rebels vs. Florida Gators,Mississippi Rebels,Florida Gators,2025-11-15,18:00,https://www.tickpick.com/buy-mississippi-rebels-vs-florida-gators-tickets-vaught-hemingway-stadium-11-15-25-6pm/6878927/,137.0,7005.0,,,2025-11-05,18:58:57
florida-gators-football,Florida Gators Football,https://www.tickpick.com/ncaa-football/florida-gators-football-tickets/,6878492,Florida Gators vs. Tennessee Volunteers,Florida Gators,Tennessee Volunteers,2025-11-22,03:00,https://www.tickpick.com/buy-florida-gators-vs-tennessee-volunteers-tickets-ben-hill-griffin-stadium-11-22-25-3am/6878492/,120.0,4171.0,,,2025-11-05,18:58:57
florida-gators-football,Florida Gators Football,https://www.tickpick.com/ncaa-football/florida-gators-football-tickets/,6878493,Florida Gators vs. Florida State Seminoles,Florida Gators,Florida State Seminoles,2025-11-29,03:00,https://www.tickpick.com/buy-florida-gators-vs-florida-state-seminoles-tickets-ben-hill-griffin-stadium-11-29-25-3am/6878493/,144.0,18291.0,,,2025-11-05,18:58:57
florida-gators-football,Florida Gators Football,https://www.tickpick.com/ncaa-football/florida-gators-football-tickets/,7528939,Florida State Seminoles vs. Florida Gators,Florida State Seminoles,Florida Gators,2026-11-28,03:00,https://www.tickpick.com/buy-florida-state-seminoles-vs-florida-gators-tickets-doak-campbell-stadium-11-28-26-3am/7528939/,770.0,770.0,,,2025-11-05,18:58:57
georgia-bulldogs-football,Georgia Bulldogs Football,https://www.tickpick.com/ncaa-football/georgia-bulldogs-football-tickets/,6879217,Mississippi State Bulldogs vs. Georgia Bulldogs,Mississippi State Bulldogs,Georgia Bulldogs,2025-11-08,11:00,https://www.tickpick.com/buy-mississippi-state-bulldogs-vs-georgia-bulldogs-tickets-davis-wade-stadium-at-scott-field-11-8-25-11am/6879217/,32.0,1625.0,134.27,3740.0,2025-11-05,18:58:57
georgia-bulldogs-football,Georgia Bulldogs Football,https://www.tickpick.com/ncaa-football/georgia-bulldogs-football-tickets/,6878868,Georgia Bulldogs vs. Texas Longhorns,Georgia Bulldogs,Texas Longhorns,2025-11-15,19:00,https://www.tickpick.com/buy-georgia-bulldogs-vs-texas-longhorns-tickets-sanford-stadium-11-15-25-7pm/6878868/,301.0,11290.0,,,2025-11-05,18:58:57
georgia-bulldogs-football,Georgia Bulldogs Football,https://www.tickpick.com/ncaa-football/georgia-bulldogs-football-tickets/,6878870,Georgia Bulldogs vs. Charlotte 49ers,Georgia Bulldogs,North Carolina Charlotte 49ers,2025-11-22,12:00,https://www.tickpick.com/buy-georgia-bulldogs-vs-charlotte-49ers-tickets-sanford-stadium-11-22-25-12pm/6878870/,68.0,6858.0,,,2025-11-05,18:58:57
georgia-bulldogs-football,Georgia Bulldogs Football,https://www.tickpick.com/ncaa-football/georgia-bulldogs-football-tickets/,6861599,Georgia Bulldogs vs. Georgia Tech Yellow Jackets,Atlanta Gridiron Classic: Georgia Bulldogs,Georgia Tech Yellow Jackets,2025-11-28,15:00,https://www.tickpick.com/buy-atlanta-gridiron-classic-georgia-bulldogs-vs-georgia-tech-yellow-jackets-tickets-mercedes-benz-stadium-11-28-25-3pm/6861599/,176.0,2482.0,,,2025-11-05,18:58:57
georgia-bulldogs-football,Georgia Bulldogs Football,https://www.tickpick.com/ncaa-football/georgia-bulldogs-football-tickets/,6863588,Georgia Tech Yellow Jackets vs. Georgia Bulldogs,Georgia Tech Yellow Jackets,Georgia Bulldogs,2025-11-29,03:00,https://www.tickpick.com/buy-georgia-tech-yellow-jackets-vs-georgia-bulldogs-tickets-bobby-dodd-stadium-11-29-25-3am/6863588/,,,,,2025-11-05,18:58:57
georgia-bulldogs-football,Georgia Bulldogs Football,https://www.tickpick.com/ncaa-football/georgia-bulldogs-football-tickets/,7528638,Louisville Cardinals vs. Georgia Bulldogs,Louisville Cardinals,Georgia Bulldogs,2026-09-19,03:00,https://www.tickpick.com/buy-louisville-cardinals-vs-georgia-bulldogs-tickets-ln-federal-credit-union-stadium-9-19-26-3am/7528638/,439.0,822.0,,,2025-11-05,18:58:57
kentucky-wildcats-football,Kentucky Wildcats Football,https://www.tickpick.com/ncaa-football/kentucky-wildcats-football-tickets/,6878909,Kentucky Wildcats vs. Florida Gators,Kentucky Wildcats,Florida Gators,2025-11-08,19:00,https://www.tickpick.com/buy-kentucky-wildcats-vs-florida-gators-tickets-kroger-field-11-8-25-7pm/6878909/,29.0,12755.0,115.25,5212.0,2025-11-05,18:58:57
kentucky-wildcats-football,Kentucky Wildcats Football,https://www.tickpick.com/ncaa-football/kentucky-wildcats-football-tickets/,6878911,Kentucky Wildcats vs. Tennessee Tech Golden Eagles,Kentucky Wildcats,Tennessee Tech Golden Eagles,2025-11-15,13:00,https://www.tickpick.com/buy-kentucky-wildcats-vs-tennessee-tech-golden-eagles-tickets-kroger-field-11-15-25-1pm/6878911/,12.0,1122.0,,,2025-11-05,18:58:57
kentucky-wildcats-football,Kentucky Wildcats Football,https://www.tickpick.com/ncaa-football/kentucky-wildcats-football-tickets/,6879095,Vanderbilt Commodores vs. Kentucky Wildcats,Vanderbilt Commodores,Kentucky Wildcats,2025-11-22,03:00,https://www.tickpick.com/buy-vanderbilt-commodores-vs-kentucky-wildcats-tickets-firstbank-stadium-11-22-25-3am/6879095/,49.0,2736.0,,,2025-11-05,18:58:57
kentucky-wildcats-football,Kentucky Wildcats Football,https://www.tickpick.com/ncaa-football/kentucky-wildcats-football-tickets/,6886523,Louisville Cardinals vs. Kentucky Wildcats,Louisville Cardinals,Kentucky Wildcats,2025-11-29,03:00,https://www.tickpick.com/buy-louisville-cardinals-vs-kentucky-wildcats-tickets-ln-federal-credit-union-stadium-11-29-25-3am/6886523/,89.0,1906.0,,,2025-11-05,18:58:57
lsu-tigers-football,Lsu Tigers Football,https://www.tickpick.com/ncaa-football/lsu-tigers-football-tickets/,6878551,Alabama Crimson Tide vs. LSU Tigers,Alabama Crimson Tide,LSU Tigers,2025-11-08,18:00,https://www.tickpick.com/buy-alabama-crimson-tide-vs-lsu-tigers-tickets-bryant-denny-stadium-11-8-25-6pm/6878551/,137.0,7757.0,523.71,3852.0,2025-11-05,18:58:57
lsu-tigers-football,Lsu Tigers Football,https://www.tickpick.com/ncaa-football/lsu-tigers-football-tickets/,6878886,LSU Tigers vs. Arkansas Razorbacks,LSU Tigers,Arkansas Razorbacks,2025-11-15,11:00,https://www.tickpick.com/buy-lsu-tigers-vs-arkansas-razorbacks-tickets-tiger-stadium-baton-rouge-11-15-25-11am/6878886/,13.0,6420.0,,,2025-11-05,18:58:57
lsu-tigers-football,Lsu Tigers Football,https://www.tickpick.com/ncaa-football/lsu-tigers-football-tickets/,6878887,LSU Tigers vs. Western Kentucky Hilltoppers,LSU Tigers,Western Kentucky Hilltoppers,2025-11-22,03:00,https://www.tickpick.com/buy-lsu-tigers-vs-western-kentucky-hilltoppers-tickets-tiger-stadium-baton-rouge-11-22-25-3am/6878887/,3.0,10915.0,,,2025-11-05,18:58:57
lsu-tigers-football,Lsu Tigers Football,https://www.tickpick.com/ncaa-football/lsu-tigers-football-tickets/,6879130,Oklahoma Sooners vs. LSU Tigers,Oklahoma Sooners,LSU Tigers,2025-11-29,03:00,https://www.tickpick.com/buy-oklahoma-sooners-vs-lsu-tigers-tickets-memorial-stadium-oklahoma-11-29-25-3am/6879130/,106.0,6561.0,,,2025-11-05,18:58:57
lsu-tigers-football,Lsu Tigers Football,https://www.tickpick.com/ncaa-football/lsu-tigers-football-tickets/,7528255,LSU Tigers vs. Clemson Tigers,LSU Tigers,Clemson Tigers,2026-09-05,03:00,https://www.tickpick.com/buy-lsu-tigers-vs-clemson-tigers-tickets-tiger-stadium-baton-rouge-9-5-26-3am/7528255/,330.0,1565.0,,,2025-11-05,18:58:57
lsu-tigers-football,Lsu Tigers Football,https://www.tickpick.com/ncaa-football/lsu-tigers-football-tickets/,7528256,LSU Tigers vs. McNeese State Cowboys,LSU Tigers,McNeese State Cowboys,2026-09-12,03:00,https://www.tickpick.com/buy-lsu-tigers-vs-mcneese-state-cowboys-tickets-tiger-stadium-baton-rouge-9-12-26-3am/7528256/,154.0,308.0,,,2025-11-05,18:58:57
mississippi-rebels-football,Mississippi Rebels Football,https://www.tickpick.com/ncaa-football/mississippi-rebels-football-tickets/,6878926,Mississippi Rebels vs. The Citadel Bulldogs,Mississippi Rebels,The Citadel Bulldogs,2025-11-08,12:00,https://www.tickpick.com/buy-mississippi-rebels-vs-the-citadel-bulldogs-tickets-vaught-hemingway-stadium-11-8-25-12pm/6878926/,13.0,4705.0,80.59,3094.0,2025-11-05,18:58:57
mississippi-rebels-football,Mississippi Rebels Football,https://www.tickpick.com/ncaa-football/mississippi-rebels-football-tickets/,6878927,Mississippi Rebels vs. Florida Gators,Mississippi Rebels,Florida Gators,2025-11-15,18:00,https://www.tickpick.com/buy-mississippi-rebels-vs-florida-gators-tickets-vaught-hemingway-stadium-11-15-25-6pm/6878927/,137.0,7005.0,,,2025-11-05,18:58:57
mississippi-rebels-football,Mississippi Rebels Football,https://www.tickpick.com/ncaa-football/mississippi-rebels-football-tickets/,6879222,Mississippi State Bulldogs vs. Mississippi Rebels,Mississippi State Bulldogs,Mississippi Rebels,2025-11-28,11:00,https://www.tickpick.com/buy-mississippi-state-bulldogs-vs-mississippi-rebels-tickets-davis-wade-stadium-at-scott-field-11-28-25-11am/6879222/,58.0,1297.0,,,2025-11-05,18:58:57
mississippi-rebels-football,Mississippi Rebels Football,https://www.tickpick.com/ncaa-football/mississippi-rebels-football-tickets/,7537176,First Round - Mississippi Rebels vs. TBD - (Date: TBD - If Necessary),College Playoffs: First Round - Mississippi Rebels,TBD - (Date: TBD - If Necessary),2025-12-19,03:00,https://www.tickpick.com/buy-college-football-playoffs-first-round-mississippi-rebels-vs-tbd-(date-tbd-if-necessary)-tickets-vaught-hemingway-stadium-12-19-25-3am/7537176/,1539.0,1539.0,,,2025-11-05,18:58:57
mississippi-state-bulldogs-football,Mississippi State Bulldogs Football,https://www.tickpick.com/ncaa-football/mississippi-state-bulldogs-football-tickets/,6879217,Mississippi State Bulldogs vs. Georgia Bulldogs,Mississippi State Bulldogs,Georgia Bulldogs,2025-11-08,11:00,https://www.tickpick.com/buy-mississippi-state-bulldogs-vs-georgia-bulldogs-tickets-davis-wade-stadium-at-scott-field-11-8-25-11am/6879217/,32.0,1625.0,134.27,3743.0,2025-11-05,18:58:57
mississippi-state-bulldogs-football,Mississippi State Bulldogs Football,https://www.tickpick.com/ncaa-football/mississippi-state-bulldogs-football-tickets/,6878971,Missouri Tigers vs. Mississippi State Bulldogs,Missouri Tigers,Mississippi State Bulldogs,2025-11-15,18:00,https://www.tickpick.com/buy-missouri-tigers-vs-mississippi-state-bulldogs-tickets-faurot-field-at-memorial-stadium-11-15-25-6pm/6878971/,72.0,978.0,,,2025-11-05,18:58:57
mississippi-state-bulldogs-football,Mississippi State Bulldogs Football,https://www.tickpick.com/ncaa-football/mississippi-state-bulldogs-football-tickets/,6879222,Mississippi State Bulldogs vs. Mississippi Rebels,Mississippi State Bulldogs,Mississippi Rebels,2025-11-28,11:00,https://www.tickpick.com/buy-mississippi-state-bulldogs-vs-mississippi-rebels-tickets-davis-wade-stadium-at-scott-field-11-28-25-11am/6879222/,58.0,1297.0,,,2025-11-05,18:58:57
mississippi-state-bulldogs-football,Mississippi State Bulldogs Football,https://www.tickpick.com/ncaa-football/mississippi-state-bulldogs-football-tickets/,7528869,Mississippi State Bulldogs vs. Louisiana-Monroe Warhawks,Mississippi State Bulldogs,Louisiana-Monroe Warhawks,2026-09-05,03:00,https://www.tickpick.com/buy-mississippi-state-bulldogs-vs-louisiana-monroe-warhawks-tickets-davis-wade-stadium-at-scott-field-9-5-26-3am/7528869/,165.0,165.0,,,2025-11-05,18:58:57
mississippi-state-bulldogs-football,Mississippi State Bulldogs Football,https://www.tickpick.com/ncaa-football/mississippi-state-bulldogs-football-tickets/,7528874,Minnesota Golden Gophers vs. Mississippi State Bulldogs,Minnesota Golden Gophers,Mississippi State Bulldogs,2026-09-12,03:00,https://www.tickpick.com/buy-minnesota-golden-gophers-vs-mississippi-state-bulldogs-tickets-huntington-bank-stadium-9-12-26-3am/7528874/,,,,,2025-11-05,18:58:57
mississippi-state-bulldogs-football,Mississippi State Bulldogs Football,https://www.tickpick.com/ncaa-football/mississippi-state-bulldogs-football-tickets/,7528871,Mississippi State Bulldogs vs. Troy Trojans,Mississippi State Bulldogs,Troy Trojans,2026-09-19,03:00,https://www.tickpick.com/buy-mississippi-state-bulldogs-vs-troy-trojans-tickets-davis-wade-stadium-at-scott-field-9-19-26-3am/7528871/,165.0,165.0,,,2025-11-05,18:58:57
mississippi-state-bulldogs-football,Mississippi State Bulldogs Football,https://www.tickpick.com/ncaa-football/mississippi-state-bulldogs-football-tickets/,7528872,Mississippi State Bulldogs vs. Tennessee Tech Golden Eagles,Mississippi State Bulldogs,Tennessee Tech Golden Eagles,2026-11-21,03:00,https://www.tickpick.com/buy-mississippi-state-bulldogs-vs-tennessee-tech-golden-eagles-tickets-davis-wade-stadium-at-scott-field-11-21-26-3am/7528872/,154.0,154.0,,,2025-11-05,18:58:57
